,Date,Long_rate,Country,Variable_long
0,2013,8.19666666666667,AO,FIGB_PA
1,2014,8.16666666666667,AO,FIGB_PA
2,2015,7.77,AO,FIGB_PA
3,2016,7.75166666666667,AO,FIGB_PA
4,2017,7.58333333333333,AO,FIGB_PA
5,2018,5.625,AO,FIGB_PA
0,1995,114.228888888889,AM,FIGB_PA
1,2000,25.5117383157638,AM,FIGB_PA
2,2001,23.1503333333333,AM,FIGB_PA
3,2002,17.4415900996534,AM,FIGB_PA
4,2003,15.7123529761905,AM,FIGB_PA
5,2004,8.20861632104455,AM,FIGB_PA
6,2005,5.1832375,AM,FIGB_PA
7,2006,5.85706491596639,AM,FIGB_PA
8,2007,6.5621625,AM,FIGB_PA
9,2008,8.32171231119544,AM,FIGB_PA
10,2009,11.8599542551728,AM,FIGB_PA
11,2010,13.8820128726145,AM,FIGB_PA
12,2011,13.7980278130288,AM,FIGB_PA
13,2012,14.3002047697647,AM,FIGB_PA
14,2013,13.2034138827596,AM,FIGB_PA
15,2014,9.822525,AM,FIGB_PA
16,2015,14.410047254447,AM,FIGB_PA
17,2016,12.3664826802,AM,FIGB_PA
18,2017,8.77250490117572,AM,FIGB_PA
19,2018,8.1,AM,FIGB_PA
20,2019,7.6412125,AM,FIGB_PA
21,2020,6.77888285175954,AM,FIGB_PA
0,1995,9.21089527658369,AU,FIGB_PA
1,1996,8.20920705749882,AU,FIGB_PA
2,1997,6.95491854388937,AU,FIGB_PA
3,1998,5.49297052826401,AU,FIGB_PA
4,1999,6.00931194298328,AU,FIGB_PA
5,2000,6.31456933440806,AU,FIGB_PA
6,2001,5.61526432840721,AU,FIGB_PA
7,2002,5.84395771110088,AU,FIGB_PA
8,2003,5.36677549770342,AU,FIGB_PA
9,2004,5.59077450749734,AU,FIGB_PA
10,2005,5.33997311398556,AU,FIGB_PA
11,2006,5.5878722441858,AU,FIGB_PA
12,2007,5.99452083739212,AU,FIGB_PA
13,2008,5.81794393964159,AU,FIGB_PA
14,2009,5.03951184202271,AU,FIGB_PA
15,2010,5.36604166666667,AU,FIGB_PA
16,2011,4.87958333333333,AU,FIGB_PA
17,2012,3.37916666666667,AU,FIGB_PA
18,2013,3.69666666666667,AU,FIGB_PA
19,2014,3.65541666666667,AU,FIGB_PA
20,2015,2.71020833333333,AU,FIGB_PA
21,2016,2.33354166666667,AU,FIGB_PA
22,2017,2.63916666666667,AU,FIGB_PA
23,2018,2.68416666666667,AU,FIGB_PA
24,2019,1.48416666666667,AU,FIGB_PA
0,1995,7.13416666666667,AT,FIGB_PA
1,1996,6.3225,AT,FIGB_PA
2,1997,5.6825,AT,FIGB_PA
3,1998,4.7125,AT,FIGB_PA
4,1999,4.67916666666667,AT,FIGB_PA
5,2000,5.55666666666667,AT,FIGB_PA
6,2001,5.07916666666667,AT,FIGB_PA
7,2002,4.96416666666667,AT,FIGB_PA
8,2003,4.14083333333333,AT,FIGB_PA
9,2004,4.13083333333333,AT,FIGB_PA
10,2005,3.39416666666667,AT,FIGB_PA
11,2006,3.8,AT,FIGB_PA
12,2007,4.2975,AT,FIGB_PA
13,2008,4.35833333333333,AT,FIGB_PA
14,2009,3.93666666666667,AT,FIGB_PA
15,2010,3.22583333333333,AT,FIGB_PA
16,2011,3.31916666666667,AT,FIGB_PA
17,2012,2.3725,AT,FIGB_PA
18,2013,2.01,AT,FIGB_PA
19,2014,1.4875,AT,FIGB_PA
20,2015,0.745833333333333,AT,FIGB_PA
21,2016,0.376666666666667,AT,FIGB_PA
22,2017,0.576666666666667,AT,FIGB_PA
0,2006,12.4475,BD,FIGB_PA
1,2007,12.1483333333333,BD,FIGB_PA
2,2008,11.7216666666667,BD,FIGB_PA
3,2009,10.1433333333333,BD,FIGB_PA
4,2010,8.86,BD,FIGB_PA
5,2011,9.4925,BD,FIGB_PA
6,2012,11.5966666666667,BD,FIGB_PA
7,2013,12.125,BD,FIGB_PA
8,2014,11.487275,BD,FIGB_PA
9,2015,9.43833333333333,BD,FIGB_PA
10,2016,7.01833333333333,BD,FIGB_PA
11,2017,6.8725,BD,FIGB_PA
12,2018,7.21,BD,FIGB_PA
13,2019,8.50291666666667,BD,FIGB_PA
14,2020,7.67166666666667,BD,FIGB_PA
0,1995,7.48083333333333,BE,FIGB_PA
1,1996,6.4925,BE,FIGB_PA
2,1997,5.75333333333333,BE,FIGB_PA
3,1998,4.75166666666667,BE,FIGB_PA
4,1999,4.74916666666667,BE,FIGB_PA
5,2000,5.5925,BE,FIGB_PA
6,2001,5.13083333333333,BE,FIGB_PA
7,2002,4.98666666666667,BE,FIGB_PA
8,2003,4.18083333333333,BE,FIGB_PA
9,2004,4.1525,BE,FIGB_PA
10,2005,3.42833333333333,BE,FIGB_PA
11,2006,3.815,BE,FIGB_PA
12,2007,4.32833333333333,BE,FIGB_PA
13,2008,4.4175,BE,FIGB_PA
14,2009,3.90166666666667,BE,FIGB_PA
15,2010,3.4625,BE,FIGB_PA
16,2011,4.23333333333333,BE,FIGB_PA
17,2012,3,BE,FIGB_PA
18,2013,2.41,BE,FIGB_PA
19,2014,1.71333333333333,BE,FIGB_PA
20,2015,0.84,BE,FIGB_PA
21,2016,0.475833333333333,BE,FIGB_PA
22,2017,0.73125,BE,FIGB_PA
0,2003,10.5388888888889,BW,FIGB_PA
1,2004,10.0666666666667,BW,FIGB_PA
2,2005,9.49,BW,FIGB_PA
3,2006,11.5963916666667,BW,FIGB_PA
4,2007,10.7344416666667,BW,FIGB_PA
5,2008,10.1891666666667,BW,FIGB_PA
6,2009,8.62895833333333,BW,FIGB_PA
7,2010,7.68729166666667,BW,FIGB_PA
8,2011,7.435,BW,FIGB_PA
9,2012,5.665,BW,FIGB_PA
10,2013,5.013,BW,FIGB_PA
11,2014,4.21116666666667,BW,FIGB_PA
12,2015,3.666,BW,FIGB_PA
13,2016,5.76316666666667,BW,FIGB_PA
14,2017,5.4775,BW,FIGB_PA
15,2018,5.27383333333333,BW,FIGB_PA
16,2019,5.089,BW,FIGB_PA
17,2020,5.08654166666667,BW,FIGB_PA
0,2003,6.44666666666667,BG,FIGB_PA
1,2004,5.36,BG,FIGB_PA
2,2005,3.87416666666667,BG,FIGB_PA
3,2006,4.18333333333333,BG,FIGB_PA
4,2007,4.53916666666667,BG,FIGB_PA
5,2008,5.37666666666667,BG,FIGB_PA
6,2009,7.215,BG,FIGB_PA
7,2010,6.00446666666667,BG,FIGB_PA
8,2011,5.35684166666667,BG,FIGB_PA
9,2012,4.49741666666667,BG,FIGB_PA
10,2013,3.47295,BG,FIGB_PA
11,2014,3.3475,BG,FIGB_PA
12,2015,2.49060833333333,BG,FIGB_PA
13,2016,2.270575,BG,FIGB_PA
14,2017,1.60273333333333,BG,FIGB_PA
15,2018,0.892175,BG,FIGB_PA
16,2019,0.429,BG,FIGB_PA
17,2020,0.252816666666667,BG,FIGB_PA
0,2012,6.5,BF,FIGB_PA
1,2013,6.5,BF,FIGB_PA
2,2014,6.25,BF,FIGB_PA
3,2015,6,BF,FIGB_PA
0,1995,8.28083333333333,CA,FIGB_PA
1,1996,7.50333333333333,CA,FIGB_PA
2,1997,6.42416666666667,CA,FIGB_PA
3,1998,5.465,CA,FIGB_PA
4,1999,5.69083333333333,CA,FIGB_PA
5,2000,5.88583333333333,CA,FIGB_PA
6,2001,5.7825,CA,FIGB_PA
7,2002,5.66166666666667,CA,FIGB_PA
8,2003,5.27833333333333,CA,FIGB_PA
9,2004,5.08083333333333,CA,FIGB_PA
10,2005,4.38583333333333,CA,FIGB_PA
11,2006,4.29916666666667,CA,FIGB_PA
12,2007,4.335,CA,FIGB_PA
13,2008,4.04,CA,FIGB_PA
14,2009,3.89083333333333,CA,FIGB_PA
15,2010,3.6575,CA,FIGB_PA
16,2011,3.21416666666667,CA,FIGB_PA
17,2012,2.33166666666667,CA,FIGB_PA
18,2013,2.71833333333333,CA,FIGB_PA
19,2014,2.59833333333333,CA,FIGB_PA
20,2015,2.02333333333333,CA,FIGB_PA
21,2016,1.80416666666667,CA,FIGB_PA
22,2017,2.13333333333333,CA,FIGB_PA
0,2012,6.25,CI,FIGB_PA
1,2013,6.35,CI,FIGB_PA
2,2015,5.75,CI,FIGB_PA
0,1997,6.93,CY,FIGB_PA
1,1998,7.22166666666667,CY,FIGB_PA
2,1999,7.34333333333333,CY,FIGB_PA
3,2000,7.53916666666667,CY,FIGB_PA
4,2001,7.625,CY,FIGB_PA
5,2002,5.69666666666667,CY,FIGB_PA
6,2003,4.74333333333333,CY,FIGB_PA
7,2004,5.7975,CY,FIGB_PA
8,2005,5.16166666666667,CY,FIGB_PA
9,2006,4.13416666666667,CY,FIGB_PA
10,2007,4.475,CY,FIGB_PA
11,2008,4.6,CY,FIGB_PA
12,2009,4.6,CY,FIGB_PA
13,2010,4.6,CY,FIGB_PA
14,2011,5.7875,CY,FIGB_PA
15,2012,7,CY,FIGB_PA
16,2013,6.5,CY,FIGB_PA
17,2014,6,CY,FIGB_PA
18,2015,4.53666666666667,CY,FIGB_PA
19,2016,3.7725,CY,FIGB_PA
20,2017,2.62333333333333,CY,FIGB_PA
21,2018,2.1825,CY,FIGB_PA
22,2019,1.07083333333333,CY,FIGB_PA
23,2020,0.876666666666667,CY,FIGB_PA
0,2000,6.93444444444444,CZ,FIGB_PA
1,2001,6.31416666666667,CZ,FIGB_PA
2,2002,4.87666666666667,CZ,FIGB_PA
3,2003,4.11583333333333,CZ,FIGB_PA
4,2004,4.75416666666667,CZ,FIGB_PA
5,2005,3.51416666666667,CZ,FIGB_PA
6,2006,3.77833333333333,CZ,FIGB_PA
7,2007,4.28,CZ,FIGB_PA
8,2008,4.63358333333333,CZ,FIGB_PA
9,2009,4.8375,CZ,FIGB_PA
10,2010,3.88483333333333,CZ,FIGB_PA
11,2011,3.70741666666667,CZ,FIGB_PA
12,2012,2.80210129663769,CZ,FIGB_PA
13,2013,2.10952301119547,CZ,FIGB_PA
14,2014,1.57583333333333,CZ,FIGB_PA
15,2015,0.57394768921469,CZ,FIGB_PA
16,2016,0.427469041088716,CZ,FIGB_PA
17,2017,0.980641279773072,CZ,FIGB_PA
18,2018,1.98112341948439,CZ,FIGB_PA
19,2019,1.54811600860504,CZ,FIGB_PA
20,2020,1.12878590613419,CZ,FIGB_PA
0,1995,8.26916666666667,DK,FIGB_PA
1,1996,7.19416666666667,DK,FIGB_PA
2,1997,6.25416666666667,DK,FIGB_PA
3,1998,4.9375,DK,FIGB_PA
4,1999,4.91,DK,FIGB_PA
5,2000,5.64166666666667,DK,FIGB_PA
6,2001,5.07916666666667,DK,FIGB_PA
7,2002,5.05583333333333,DK,FIGB_PA
8,2003,4.30833333333333,DK,FIGB_PA
9,2004,4.305,DK,FIGB_PA
10,2005,3.40416666666667,DK,FIGB_PA
11,2006,3.81166666666667,DK,FIGB_PA
12,2007,4.28583333333333,DK,FIGB_PA
13,2008,4.28166666666667,DK,FIGB_PA
14,2009,3.5875,DK,FIGB_PA
15,2010,2.9275,DK,FIGB_PA
16,2011,2.73058333333333,DK,FIGB_PA
17,2012,1.40333333333333,DK,FIGB_PA
18,2013,1.74583333333333,DK,FIGB_PA
19,2014,1.32666666666667,DK,FIGB_PA
20,2015,0.69,DK,FIGB_PA
21,2016,0.320833333333333,DK,FIGB_PA
22,2017,0.515,DK,FIGB_PA
23,2018,0.456666666666667,DK,FIGB_PA
24,2019,-0.181666666666667,DK,FIGB_PA
25,2020,-0.358333333333333,DK,FIGB_PA
0,1995,13,ET,FIGB_PA
1,1996,13,ET,FIGB_PA
2,1997,12.82,ET,FIGB_PA
3,2003,3.05,ET,FIGB_PA
4,2004,3.91488095238095,ET,FIGB_PA
5,2005,3.97619047619048,ET,FIGB_PA
6,2006,4,ET,FIGB_PA
7,2007,4,ET,FIGB_PA
8,2008,4,ET,FIGB_PA
0,1995,8.72916666666667,U2,FIGB_PA
1,1996,7.2325,U2,FIGB_PA
2,1997,5.95833333333333,U2,FIGB_PA
3,1998,4.70333333333333,U2,FIGB_PA
4,1999,4.65515,U2,FIGB_PA
5,2000,5.438875,U2,FIGB_PA
6,2001,5.0273,U2,FIGB_PA
7,2002,4.92290833333333,U2,FIGB_PA
8,2003,4.16085833333333,U2,FIGB_PA
9,2004,4.14079166666667,U2,FIGB_PA
10,2005,3.440875,U2,FIGB_PA
11,2006,3.85951666666667,U2,FIGB_PA
12,2007,4.33176666666667,U2,FIGB_PA
13,2008,4.35503333333333,U2,FIGB_PA
14,2009,4.0301,U2,FIGB_PA
15,2010,3.784725,U2,FIGB_PA
16,2011,4.31229166666667,U2,FIGB_PA
17,2012,3.05313333333333,U2,FIGB_PA
18,2013,3.01155833333333,U2,FIGB_PA
19,2014,2.28260833333333,U2,FIGB_PA
20,2015,1.27115833333333,U2,FIGB_PA
21,2016,0.930625,U2,FIGB_PA
22,2017,1.31329166666667,U2,FIGB_PA
0,2001,5.91,FJ,FIGB_PA
1,2002,5.86875,FJ,FIGB_PA
2,2003,5.18722222222222,FJ,FIGB_PA
3,2004,4.78938095238095,FJ,FIGB_PA
4,2005,4.80921637725429,FJ,FIGB_PA
5,2006,7.700562631586,FJ,FIGB_PA
6,2007,7.41666666666667,FJ,FIGB_PA
7,2008,7.03460900084539,FJ,FIGB_PA
8,2009,4.23219196158135,FJ,FIGB_PA
9,2012,6.13408534290917,FJ,FIGB_PA
10,2013,5.08916666666667,FJ,FIGB_PA
11,2014,4.57750487987988,FJ,FIGB_PA
12,2015,5.17458333333333,FJ,FIGB_PA
13,2016,5.83916077437121,FJ,FIGB_PA
14,2017,6.14333333333333,FJ,FIGB_PA
15,2018,6,FJ,FIGB_PA
16,2019,6,FJ,FIGB_PA
17,2020,5.31777777777778,FJ,FIGB_PA
0,1995,8.7925,FI,FIGB_PA
1,1996,7.07666666666667,FI,FIGB_PA
2,1997,5.9575,FI,FIGB_PA
3,1998,4.7875,FI,FIGB_PA
4,1999,4.72416666666667,FI,FIGB_PA
5,2000,5.48333333333333,FI,FIGB_PA
6,2001,5.04333333333333,FI,FIGB_PA
7,2002,4.98083333333333,FI,FIGB_PA
8,2003,4.13416666666667,FI,FIGB_PA
9,2004,4.11,FI,FIGB_PA
10,2005,3.35166666666667,FI,FIGB_PA
11,2006,3.78333333333333,FI,FIGB_PA
12,2007,4.29254542557714,FI,FIGB_PA
13,2008,4.28973224815167,FI,FIGB_PA
14,2009,3.73884547340849,FI,FIGB_PA
15,2010,3.01290969807589,FI,FIGB_PA
16,2011,3.00587516233766,FI,FIGB_PA
17,2012,1.88419111896212,FI,FIGB_PA
18,2013,1.86087718691492,FI,FIGB_PA
19,2014,1.44927441666667,FI,FIGB_PA
20,2015,0.723133015214254,FI,FIGB_PA
21,2016,0.363164311594203,FI,FIGB_PA
22,2017,0.548126949156512,FI,FIGB_PA
0,1995,7.535,FR,FIGB_PA
1,1996,6.31083333333333,FR,FIGB_PA
2,1997,5.58166666666667,FR,FIGB_PA
3,1998,4.64,FR,FIGB_PA
4,1999,4.60833333333333,FR,FIGB_PA
5,2000,5.39416666666667,FR,FIGB_PA
6,2001,4.93916666666667,FR,FIGB_PA
7,2002,4.86,FR,FIGB_PA
8,2003,4.13,FR,FIGB_PA
9,2004,4.09833333333333,FR,FIGB_PA
10,2005,3.41,FR,FIGB_PA
11,2006,3.79666666666667,FR,FIGB_PA
12,2007,4.30416666666667,FR,FIGB_PA
13,2008,4.23416666666667,FR,FIGB_PA
14,2009,3.64919166666667,FR,FIGB_PA
15,2010,3.1171,FR,FIGB_PA
16,2011,3.32121666666667,FR,FIGB_PA
17,2012,2.53618333333333,FR,FIGB_PA
18,2013,2.20460833333333,FR,FIGB_PA
19,2014,1.6674,FR,FIGB_PA
20,2015,0.844408333333333,FR,FIGB_PA
21,2016,0.467066666666667,FR,FIGB_PA
22,2017,0.924683333333333,FR,FIGB_PA
0,1995,6.85,DE,FIGB_PA
1,1996,6.21583333333333,DE,FIGB_PA
2,1997,5.64083333333333,DE,FIGB_PA
3,1998,4.57166666666667,DE,FIGB_PA
4,1999,4.49083333333333,DE,FIGB_PA
5,2000,5.26333333333333,DE,FIGB_PA
6,2001,4.7975,DE,FIGB_PA
7,2002,4.7825,DE,FIGB_PA
8,2003,4.07083333333333,DE,FIGB_PA
9,2004,4.03666666666667,DE,FIGB_PA
10,2005,3.35333333333333,DE,FIGB_PA
11,2006,3.7625,DE,FIGB_PA
12,2007,4.21666666666667,DE,FIGB_PA
13,2008,3.98416666666667,DE,FIGB_PA
14,2009,3.2225,DE,FIGB_PA
15,2010,2.74333333333333,DE,FIGB_PA
16,2011,2.60666666666667,DE,FIGB_PA
17,2012,1.495,DE,FIGB_PA
18,2013,1.57,DE,FIGB_PA
19,2014,1.16333333333333,DE,FIGB_PA
20,2015,0.495833333333333,DE,FIGB_PA
21,2016,0.09,DE,FIGB_PA
22,2017,0.283333333333333,DE,FIGB_PA
0,2004,21.195,GH,FIGB_PA
1,2005,20.5375,GH,FIGB_PA
2,2006,16.4222222222222,GH,FIGB_PA
3,2007,12.7063888888889,GH,FIGB_PA
4,2008,14.8883333333333,GH,FIGB_PA
5,2009,16,GH,FIGB_PA
6,2010,15.14,GH,FIGB_PA
7,2011,13.425,GH,FIGB_PA
8,2012,20.4141666666667,GH,FIGB_PA
9,2013,18.2366666666667,GH,FIGB_PA
10,2014,24.3366666666667,GH,FIGB_PA
11,2015,23.5191666666667,GH,FIGB_PA
12,2016,24.3958333333333,GH,FIGB_PA
13,2017,20.0833333333333,GH,FIGB_PA
14,2018,17.7916666666667,GH,FIGB_PA
15,2019,19.8,GH,FIGB_PA
16,2020,19.4416666666667,GH,FIGB_PA
0,1995,16.9591666666667,GR,FIGB_PA
1,1996,14.4333333333333,GR,FIGB_PA
2,1997,9.91916666666667,GR,FIGB_PA
3,1998,8.4825,GR,FIGB_PA
4,1999,6.2975,GR,FIGB_PA
5,2000,6.1,GR,FIGB_PA
6,2001,5.30333333333333,GR,FIGB_PA
7,2002,5.1225,GR,FIGB_PA
8,2003,4.2675,GR,FIGB_PA
9,2004,4.25583333333333,GR,FIGB_PA
10,2005,3.585,GR,FIGB_PA
11,2006,4.07,GR,FIGB_PA
12,2007,4.5,GR,FIGB_PA
13,2008,4.8025,GR,FIGB_PA
14,2009,5.17416666666667,GR,FIGB_PA
15,2010,9.09166666666667,GR,FIGB_PA
16,2011,15.7491666666667,GR,FIGB_PA
17,2012,22.4983333333333,GR,FIGB_PA
18,2013,10.0541666666667,GR,FIGB_PA
19,2014,6.92916666666667,GR,FIGB_PA
20,2015,9.81333333333333,GR,FIGB_PA
21,2016,8.36,GR,FIGB_PA
22,2017,5.97833333333333,GR,FIGB_PA
23,2018,4.185,GR,FIGB_PA
24,2019,2.58583333333333,GR,FIGB_PA
25,2020,1.27166666666667,GR,FIGB_PA
0,2001,7.945,HU,FIGB_PA
1,2002,7.085,HU,FIGB_PA
2,2003,6.82333333333333,HU,FIGB_PA
3,2004,8.18916666666667,HU,FIGB_PA
4,2005,6.59916666666667,HU,FIGB_PA
5,2006,7.11583333333333,HU,FIGB_PA
6,2007,6.74416666666667,HU,FIGB_PA
7,2008,8.23833333333333,HU,FIGB_PA
8,2009,9.12333333333333,HU,FIGB_PA
9,2010,7.282125,HU,FIGB_PA
10,2011,7.63515833333333,HU,FIGB_PA
11,2012,7.89083333333333,HU,FIGB_PA
12,2013,5.92333333333333,HU,FIGB_PA
13,2014,4.80916666666667,HU,FIGB_PA
14,2015,3.4325,HU,FIGB_PA
15,2016,3.14333333333333,HU,FIGB_PA
16,2017,2.9625,HU,FIGB_PA
17,2018,3.05833333333333,HU,FIGB_PA
18,2019,2.465,HU,FIGB_PA
19,2020,2.225,HU,FIGB_PA
0,1995,7.18083333333333,IS,FIGB_PA
1,1996,5.61416666666667,IS,FIGB_PA
2,1997,5.49166666666667,IS,FIGB_PA
3,1998,4.73333333333333,IS,FIGB_PA
4,1999,4.27916666666667,IS,FIGB_PA
5,2000,5.34916666666667,IS,FIGB_PA
6,2001,5.32833333333333,IS,FIGB_PA
7,2002,5.2325,IS,FIGB_PA
8,2003,4.41416666666667,IS,FIGB_PA
9,2004,3.879423105,IS,FIGB_PA
10,2005,3.73029353333333,IS,FIGB_PA
11,2006,4.3173818525,IS,FIGB_PA
12,2007,4.96211657,IS,FIGB_PA
13,2008,4.300186665,IS,FIGB_PA
14,2009,4.29952465416667,IS,FIGB_PA
15,2010,3.49332216083333,IS,FIGB_PA
16,2011,2.94615757,IS,FIGB_PA
17,2012,2.27898126666667,IS,FIGB_PA
18,2013,2.55166666666667,IS,FIGB_PA
19,2014,3.1975,IS,FIGB_PA
20,2015,2.66083333333333,IS,FIGB_PA
21,2016,2.78166666666667,IS,FIGB_PA
22,2017,2.21666666666667,IS,FIGB_PA
23,2018,1.8425,IS,FIGB_PA
24,2019,1.08583333333333,IS,FIGB_PA
25,2020,0.340355115833333,IS,FIGB_PA
0,2005,6.9575,IN,FIGB_PA
1,2006,7.655,IN,FIGB_PA
2,2007,7.97,IN,FIGB_PA
3,2008,7.845,IN,FIGB_PA
4,2009,6.94833333333333,IN,FIGB_PA
5,2010,7.84506416666667,IN,FIGB_PA
6,2011,8.37251916666667,IN,FIGB_PA
7,2012,8.29416333333333,IN,FIGB_PA
8,2013,8.145,IN,FIGB_PA
9,2014,8.55583333333333,IN,FIGB_PA
10,2015,7.76833333333333,IN,FIGB_PA
11,2016,7.170725,IN,FIGB_PA
12,2017,6.97,IN,FIGB_PA
0,1995,8.255,IE,FIGB_PA
1,1996,7.28916666666667,IE,FIGB_PA
2,1997,6.29333333333333,IE,FIGB_PA
3,1998,4.79666666666667,IE,FIGB_PA
4,1999,4.71083333333333,IE,FIGB_PA
5,2000,5.5125,IE,FIGB_PA
6,2001,5.01166666666667,IE,FIGB_PA
7,2002,5.01,IE,FIGB_PA
8,2003,4.1325,IE,FIGB_PA
9,2004,4.07666666666667,IE,FIGB_PA
10,2005,3.32916666666667,IE,FIGB_PA
11,2006,3.765,IE,FIGB_PA
12,2007,4.30583333333333,IE,FIGB_PA
13,2008,4.52583333333333,IE,FIGB_PA
14,2009,5.225,IE,FIGB_PA
15,2010,5.73916666666667,IE,FIGB_PA
16,2011,9.60166666666667,IE,FIGB_PA
17,2012,6.17166666666667,IE,FIGB_PA
18,2013,3.79,IE,FIGB_PA
19,2014,2.3675,IE,FIGB_PA
20,2015,1.1825,IE,FIGB_PA
21,2016,0.735833333333333,IE,FIGB_PA
22,2017,0.951666666666667,IE,FIGB_PA
0,1995,12.205,IT,FIGB_PA
1,1996,9.40083333333333,IT,FIGB_PA
2,1997,6.8625,IT,FIGB_PA
3,1998,4.88416666666667,IT,FIGB_PA
4,1999,4.7275,IT,FIGB_PA
5,2000,5.57583333333333,IT,FIGB_PA
6,2001,5.18916666666667,IT,FIGB_PA
7,2002,5.03583333333333,IT,FIGB_PA
8,2003,4.24833333333333,IT,FIGB_PA
9,2004,4.25833333333333,IT,FIGB_PA
10,2005,3.55583333333333,IT,FIGB_PA
11,2006,4.0475,IT,FIGB_PA
12,2007,4.48731583333333,IT,FIGB_PA
13,2008,4.68114916666667,IT,FIGB_PA
14,2009,4.31333333333333,IT,FIGB_PA
15,2010,4.03583333333333,IT,FIGB_PA
16,2011,5.42416666666667,IT,FIGB_PA
17,2012,5.4925,IT,FIGB_PA
18,2013,4.31666666666667,IT,FIGB_PA
19,2014,2.8925,IT,FIGB_PA
20,2015,1.71416666666667,IT,FIGB_PA
21,2016,1.4875,IT,FIGB_PA
22,2017,2.11166666666667,IT,FIGB_PA
23,2018,2.61,IT,FIGB_PA
24,2019,1.95033333333333,IT,FIGB_PA
25,2020,1.16791666666667,IT,FIGB_PA
0,1999,1.77083333333333,JP,FIGB_PA
1,2000,1.7475,JP,FIGB_PA
2,2001,1.32958333333333,JP,FIGB_PA
3,2002,1.25,JP,FIGB_PA
4,2003,1.01166666666667,JP,FIGB_PA
5,2004,1.49916666666667,JP,FIGB_PA
6,2005,1.35958333333333,JP,FIGB_PA
7,2006,1.73125,JP,FIGB_PA
8,2007,1.65291666666667,JP,FIGB_PA
9,2008,1.44916666666667,JP,FIGB_PA
10,2009,1.3425,JP,FIGB_PA
11,2010,1.15083333333333,JP,FIGB_PA
12,2011,1.11833333333333,JP,FIGB_PA
13,2012,0.839166666666667,JP,FIGB_PA
14,2013,0.700416666666667,JP,FIGB_PA
15,2014,0.52625,JP,FIGB_PA
16,2015,0.346666666666667,JP,FIGB_PA
17,2016,-0.06625,JP,FIGB_PA
18,2017,0.045,JP,FIGB_PA
0,1995,12.4,KR,FIGB_PA
1,1996,10.8966666666667,KR,FIGB_PA
2,1997,11.7,KR,FIGB_PA
3,1998,12.7966666666667,KR,FIGB_PA
4,1999,8.71666666666667,KR,FIGB_PA
5,2000,8.5025,KR,FIGB_PA
6,2001,6.66083333333333,KR,FIGB_PA
7,2002,6.4675,KR,FIGB_PA
8,2003,4.92833333333333,KR,FIGB_PA
9,2004,4.45333333333333,KR,FIGB_PA
10,2005,4.6625,KR,FIGB_PA
11,2006,5.06583333333333,KR,FIGB_PA
12,2007,5.42916666666667,KR,FIGB_PA
13,2008,5.79083333333333,KR,FIGB_PA
14,2009,5.10083333333333,KR,FIGB_PA
15,2010,4.58583333333333,KR,FIGB_PA
16,2011,4.10583333333333,KR,FIGB_PA
17,2012,3.43333333333333,KR,FIGB_PA
18,2013,3.16483333333333,KR,FIGB_PA
19,2014,2.9805,KR,FIGB_PA
20,2015,2.10725,KR,FIGB_PA
21,2016,1.65941666666667,KR,FIGB_PA
22,2017,2.166,KR,FIGB_PA
23,2018,2.45466666666667,KR,FIGB_PA
24,2019,1.67783333333333,KR,FIGB_PA
25,2020,1.37241666666667,KR,FIGB_PA
0,2009,9.13751350841179,KG,FIGB_PA
1,2010,16.6070157260933,KG,FIGB_PA
2,2011,18.4446884735202,KG,FIGB_PA
3,2012,14.9402394289845,KG,FIGB_PA
4,2013,14.8375,KG,FIGB_PA
5,2014,14.4087481345184,KG,FIGB_PA
6,2015,15.9804722021549,KG,FIGB_PA
7,2016,16.5304396583545,KG,FIGB_PA
8,2017,13.0174704362818,KG,FIGB_PA
9,2018,11.8081481480394,KG,FIGB_PA
10,2019,10.3038788244549,KG,FIGB_PA
11,2020,11.010380869755,KG,FIGB_PA
0,2001,8.15333333333333,LT,FIGB_PA
1,2002,6.0625,LT,FIGB_PA
2,2003,5.32166666666667,LT,FIGB_PA
3,2004,4.5025,LT,FIGB_PA
4,2005,3.69833333333333,LT,FIGB_PA
5,2006,4.08083333333333,LT,FIGB_PA
6,2007,4.54583333333333,LT,FIGB_PA
7,2008,5.6075,LT,FIGB_PA
8,2009,14.0041666666667,LT,FIGB_PA
9,2010,5.56666666666667,LT,FIGB_PA
10,2011,5.16,LT,FIGB_PA
11,2012,4.83083333333333,LT,FIGB_PA
12,2013,3.83178571428571,LT,FIGB_PA
13,2014,2.7925,LT,FIGB_PA
14,2015,1.38083333333333,LT,FIGB_PA
15,2016,0.898333333333333,LT,FIGB_PA
16,2017,0.31,LT,FIGB_PA
0,1995,7.22916666666667,LU,FIGB_PA
1,1996,6.32166666666667,LU,FIGB_PA
2,1997,5.5975,LU,FIGB_PA
3,1998,4.72666666666667,LU,FIGB_PA
4,1999,4.66416666666667,LU,FIGB_PA
5,2000,5.51833333333333,LU,FIGB_PA
6,2001,4.85916666666667,LU,FIGB_PA
7,2002,4.7025,LU,FIGB_PA
8,2003,3.31583333333333,LU,FIGB_PA
9,2004,2.84416666666667,LU,FIGB_PA
10,2005,2.41416666666667,LU,FIGB_PA
11,2006,3.30333333333333,LU,FIGB_PA
12,2007,4.46083333333333,LU,FIGB_PA
13,2008,4.6075,LU,FIGB_PA
14,2009,4.22916666666667,LU,FIGB_PA
15,2010,3.1675,LU,FIGB_PA
16,2011,2.92333333333333,LU,FIGB_PA
17,2012,1.75333333333333,LU,FIGB_PA
18,2013,1.85166666666667,LU,FIGB_PA
19,2014,1.33666666666667,LU,FIGB_PA
20,2015,0.369166666666667,LU,FIGB_PA
21,2016,0.255833333333333,LU,FIGB_PA
22,2017,0.528333333333333,LU,FIGB_PA
0,1995,6.505,MY,FIGB_PA
1,1996,6.39083333333333,MY,FIGB_PA
2,1997,6.87495833333333,MY,FIGB_PA
3,1998,7.6565,MY,FIGB_PA
4,1999,5.62766666666667,MY,FIGB_PA
5,2000,5.10683333333333,MY,FIGB_PA
6,2001,3.53666666666667,MY,FIGB_PA
7,2002,3.46733333333333,MY,FIGB_PA
8,2003,3.59833333333333,MY,FIGB_PA
9,2004,4.08766666666667,MY,FIGB_PA
10,2005,3.56816666666667,MY,FIGB_PA
11,2006,4.0065,MY,FIGB_PA
12,2007,3.57191666666667,MY,FIGB_PA
13,2008,3.72916666666667,MY,FIGB_PA
14,2009,3.58941666666667,MY,FIGB_PA
15,2010,3.51891666666667,MY,FIGB_PA
16,2011,3.44808333333333,MY,FIGB_PA
17,2012,3.25216666666667,MY,FIGB_PA
18,2013,3.4245,MY,FIGB_PA
19,2014,3.69241666666667,MY,FIGB_PA
20,2015,3.67133333333333,MY,FIGB_PA
21,2016,3.45325,MY,FIGB_PA
22,2017,3.64075,MY,FIGB_PA
23,2018,3.74541666666667,MY,FIGB_PA
24,2019,3.43183333333333,MY,FIGB_PA
25,2020,2.4205,MY,FIGB_PA
0,2013,,MV,FIGB_PA
1,2014,2.4,MV,FIGB_PA
2,2015,2.4,MV,FIGB_PA
3,2016,2.4,MV,FIGB_PA
4,2017,2.4,MV,FIGB_PA
5,2018,2.4,MV,FIGB_PA
6,2019,2.4,MV,FIGB_PA
7,2020,2.4,MV,FIGB_PA
0,2001,6.18833333333333,MT,FIGB_PA
1,2002,5.81916666666667,MT,FIGB_PA
2,2003,5.04166666666667,MT,FIGB_PA
3,2004,4.685,MT,FIGB_PA
4,2005,4.555,MT,FIGB_PA
5,2006,4.31833333333333,MT,FIGB_PA
6,2007,4.72416666666667,MT,FIGB_PA
7,2008,4.80833333333333,MT,FIGB_PA
8,2009,4.54166666666667,MT,FIGB_PA
9,2010,4.1875,MT,FIGB_PA
10,2011,4.48916666666667,MT,FIGB_PA
11,2012,4.12583333333333,MT,FIGB_PA
12,2013,3.3625,MT,FIGB_PA
13,2014,2.61166666666667,MT,FIGB_PA
14,2015,1.4875,MT,FIGB_PA
15,2016,0.885833333333333,MT,FIGB_PA
16,2017,1.37333333333333,MT,FIGB_PA
0,2002,11.17,MU,FIGB_PA
1,2003,9.605,MU,FIGB_PA
2,2004,7.6075,MU,FIGB_PA
3,2005,8.38625,MU,FIGB_PA
4,2006,9.86,MU,FIGB_PA
5,2007,10.1525,MU,FIGB_PA
6,2008,10.1225,MU,FIGB_PA
7,2009,8.90125,MU,FIGB_PA
8,2010,6.93,MU,FIGB_PA
9,2011,6.735,MU,FIGB_PA
10,2012,6.0775,MU,FIGB_PA
11,2013,4.46375,MU,FIGB_PA
12,2014,5.0675,MU,FIGB_PA
13,2015,4.485,MU,FIGB_PA
14,2016,4.11666666666667,MU,FIGB_PA
15,2017,3.63625,MU,FIGB_PA
16,2018,4.8775,MU,FIGB_PA
17,2019,4.19583333333333,MU,FIGB_PA
18,2020,2.18666666666667,MU,FIGB_PA
0,2000,,MX,FIGB_PA
1,2001,11.1599879007864,MX,FIGB_PA
2,2002,10.125,MX,FIGB_PA
3,2003,8.98166666666667,MX,FIGB_PA
4,2004,9.53833333333333,MX,FIGB_PA
5,2005,9.4175,MX,FIGB_PA
6,2006,8.38833333333333,MX,FIGB_PA
7,2007,7.79333333333333,MX,FIGB_PA
8,2008,8.3125,MX,FIGB_PA
9,2009,7.96375,MX,FIGB_PA
10,2010,7.09,MX,FIGB_PA
11,2011,6.66777777777778,MX,FIGB_PA
12,2012,5.59833333333333,MX,FIGB_PA
13,2013,5.6775,MX,FIGB_PA
14,2014,6.01416666666667,MX,FIGB_PA
15,2015,5.99125,MX,FIGB_PA
16,2016,6.19375,MX,FIGB_PA
17,2017,7.24833333333333,MX,FIGB_PA
18,2018,7.93,MX,FIGB_PA
19,2019,7.66833333333333,MX,FIGB_PA
20,2020,6.24958333333333,MX,FIGB_PA
0,1997,29.02,MD,FIGB_PA
1,1998,29.7816666666667,MD,FIGB_PA
2,2003,17.24,MD,FIGB_PA
3,2004,16.7575,MD,FIGB_PA
4,2005,6.48,MD,FIGB_PA
5,2006,9.52583333333333,MD,FIGB_PA
6,2007,14.7066666666667,MD,FIGB_PA
7,2008,19.4295833333333,MD,FIGB_PA
8,2009,18.04,MD,FIGB_PA
9,2010,7.90333333333333,MD,FIGB_PA
10,2011,12.4091666666667,MD,FIGB_PA
11,2012,7.15666666666667,MD,FIGB_PA
12,2013,6.18833333333333,MD,FIGB_PA
13,2014,7.61666666666667,MD,FIGB_PA
14,2015,20.2958333333333,MD,FIGB_PA
15,2016,17.4666666666667,MD,FIGB_PA
16,2017,7.36083333333333,MD,FIGB_PA
17,2018,5.91416666666667,MD,FIGB_PA
18,2019,6.33666666666667,MD,FIGB_PA
19,2020,5.7775,MD,FIGB_PA
0,2013,9.86208333333333,MN,FIGB_PA
1,2014,13.0575,MN,FIGB_PA
2,2015,15.43075,MN,FIGB_PA
3,2016,16.3303333333333,MN,FIGB_PA
4,2017,13.8433333333333,MN,FIGB_PA
0,1997,9.7,MA,FIGB_PA
1,1998,8.91,MA,FIGB_PA
2,1999,7.13583333333333,MA,FIGB_PA
3,2000,6.9875,MA,FIGB_PA
4,2001,7.1225,MA,FIGB_PA
5,2002,6.95,MA,FIGB_PA
6,2003,6.16,MA,FIGB_PA
7,2004,5.6675,MA,FIGB_PA
8,2005,5.35083333333333,MA,FIGB_PA
9,2006,4.04,MA,FIGB_PA
10,2007,3.65333333333333,MA,FIGB_PA
11,2010,4.33555555555556,MA,FIGB_PA
12,2011,4.35958333333333,MA,FIGB_PA
13,2012,4.57166666666667,MA,FIGB_PA
14,2013,5.6925,MA,FIGB_PA
15,2014,5.10762222222222,MA,FIGB_PA
16,2015,4.01416666666667,MA,FIGB_PA
17,2016,3.49416666666667,MA,FIGB_PA
18,2017,3.82916666666667,MA,FIGB_PA
19,2018,3.699875,MA,FIGB_PA
20,2019,3.38575,MA,FIGB_PA
21,2020,2.8789,MA,FIGB_PA
0,2010,11.5,MM,FIGB_PA
1,2011,11.5,MM,FIGB_PA
2,2012,9.5,MM,FIGB_PA
3,2013,9.5,MM,FIGB_PA
4,2014,9.5,MM,FIGB_PA
5,2015,9.5,MM,FIGB_PA
6,2016,9.5,MM,FIGB_PA
7,2017,9.5,MM,FIGB_PA
8,2018,9.5,MM,FIGB_PA
9,2019,9.5,MM,FIGB_PA
10,2020,9.5,MM,FIGB_PA
0,1995,9,NP,FIGB_PA
1,1996,9,NP,FIGB_PA
2,1997,9,NP,FIGB_PA
3,1998,9,NP,FIGB_PA
4,1999,8.75,NP,FIGB_PA
5,2000,8.5,NP,FIGB_PA
6,2001,8.5,NP,FIGB_PA
7,2002,8.25,NP,FIGB_PA
8,2003,7.5,NP,FIGB_PA
9,2004,6.625,NP,FIGB_PA
10,2005,6.5,NP,FIGB_PA
11,2006,6.125,NP,FIGB_PA
12,2007,6,NP,FIGB_PA
13,2008,6,NP,FIGB_PA
14,2009,6,NP,FIGB_PA
15,2010,6,NP,FIGB_PA
16,2011,6,NP,FIGB_PA
17,2012,6,NP,FIGB_PA
18,2013,6,NP,FIGB_PA
19,2014,6,NP,FIGB_PA
20,2015,6,NP,FIGB_PA
21,2016,6,NP,FIGB_PA
22,2017,6,NP,FIGB_PA
23,2018,6,NP,FIGB_PA
24,2019,7.66666666666667,NP,FIGB_PA
25,2020,8,NP,FIGB_PA
0,1995,8.02083333333333,AN,FIGB_PA
1,1996,8.25,AN,FIGB_PA
2,1997,8.6725,AN,FIGB_PA
3,1998,8.60416666666667,AN,FIGB_PA
4,1999,8.75,AN,FIGB_PA
5,2000,8.77083333333333,AN,FIGB_PA
6,2001,9,AN,FIGB_PA
7,2002,8.20083333333333,AN,FIGB_PA
8,2003,6.715,AN,FIGB_PA
9,2004,7.09166666666667,AN,FIGB_PA
10,2005,6.45833333333333,AN,FIGB_PA
11,2006,6.75333333333333,AN,FIGB_PA
12,2007,7.315,AN,FIGB_PA
13,2008,5.66166666666667,AN,FIGB_PA
14,2009,4.81666666666667,AN,FIGB_PA
0,1995,6.89916666666667,NL,FIGB_PA
1,1996,6.15,NL,FIGB_PA
2,1997,5.57583333333333,NL,FIGB_PA
3,1998,4.63,NL,FIGB_PA
4,1999,4.62916666666667,NL,FIGB_PA
5,2000,5.40416666666667,NL,FIGB_PA
6,2001,4.9575,NL,FIGB_PA
7,2002,4.88916666666667,NL,FIGB_PA
8,2003,4.1225,NL,FIGB_PA
9,2004,4.09416666666667,NL,FIGB_PA
10,2005,3.37416666666667,NL,FIGB_PA
11,2006,3.78083333333333,NL,FIGB_PA
12,2007,4.28666666666667,NL,FIGB_PA
13,2008,4.2275,NL,FIGB_PA
14,2009,3.68666666666667,NL,FIGB_PA
15,2010,2.99166666666667,NL,FIGB_PA
16,2011,2.98916666666667,NL,FIGB_PA
17,2012,1.93275,NL,FIGB_PA
18,2013,1.96133333333333,NL,FIGB_PA
19,2014,1.45425,NL,FIGB_PA
20,2015,0.690166666666667,NL,FIGB_PA
21,2016,0.292083333333333,NL,FIGB_PA
22,2017,0.523,NL,FIGB_PA
23,2018,0.576916666666667,NL,FIGB_PA
0,1995,7.93568424183497,NZ,FIGB_PA
1,1996,8.04342667513646,NZ,FIGB_PA
2,1997,7.20727633642737,NZ,FIGB_PA
3,1998,6.46975940262382,NZ,FIGB_PA
4,1999,6.12859203055399,NZ,FIGB_PA
5,2000,6.84760155016633,NZ,FIGB_PA
6,2001,6.12198046251994,NZ,FIGB_PA
7,2002,6.27766666666667,NZ,FIGB_PA
8,2003,5.51465833333333,NZ,FIGB_PA
9,2004,5.97885,NZ,FIGB_PA
10,2005,5.97595833333333,NZ,FIGB_PA
11,2006,6.00769166666667,NZ,FIGB_PA
12,2007,6.80758333333333,NZ,FIGB_PA
13,2008,6.16943333333333,NZ,FIGB_PA
14,2009,4.660375,NZ,FIGB_PA
15,2010,4.8554,NZ,FIGB_PA
16,2011,4.02035833333333,NZ,FIGB_PA
17,2012,3.11284754004577,NZ,FIGB_PA
18,2013,3.51859143494441,NZ,FIGB_PA
19,2014,4.01833333333333,NZ,FIGB_PA
20,2015,3.01416666666667,NZ,FIGB_PA
21,2016,2.2625,NZ,FIGB_PA
22,2017,2.4925,NZ,FIGB_PA
23,2018,2.19,NZ,FIGB_PA
24,2019,1.31166666666667,NZ,FIGB_PA
25,2020,0.46,NZ,FIGB_PA
0,2014,6.25,NE,FIGB_PA
1,2015,6,NE,FIGB_PA
0,1995,6.82333333333333,NO,FIGB_PA
1,1996,5.94333333333333,NO,FIGB_PA
2,1997,5.12583333333333,NO,FIGB_PA
3,1998,5.35416666666667,NO,FIGB_PA
4,1999,5.3825,NO,FIGB_PA
5,2000,6.37916666666667,NO,FIGB_PA
6,2001,6.31,NO,FIGB_PA
7,2002,6.3275,NO,FIGB_PA
8,2003,4.50166666666667,NO,FIGB_PA
9,2004,3.6,NO,FIGB_PA
10,2005,3.28,NO,FIGB_PA
11,2006,3.93416666666667,NO,FIGB_PA
12,2007,4.78083333333333,NO,FIGB_PA
13,2008,4.34666666666667,NO,FIGB_PA
14,2009,3.31583333333333,NO,FIGB_PA
15,2010,2.77083333333333,NO,FIGB_PA
16,2011,2.55666666666667,NO,FIGB_PA
17,2012,1.57416666666667,NO,FIGB_PA
18,2013,1.91916666666667,NO,FIGB_PA
19,2014,1.76,NO,FIGB_PA
20,2015,0.9675,NO,FIGB_PA
21,2016,0.841666666666667,NO,FIGB_PA
22,2017,1.06583333333333,NO,FIGB_PA
23,2018,1.43916666666667,NO,FIGB_PA
24,2019,1.285,NO,FIGB_PA
25,2020,0.555833333333333,NO,FIGB_PA
0,1995,13,PK,FIGB_PA
1,1996,13,PK,FIGB_PA
2,1997,13.0483333333333,PK,FIGB_PA
3,1998,13,PK,FIGB_PA
4,2001,10.4933,PK,FIGB_PA
5,2002,7.92874166666667,PK,FIGB_PA
6,2003,3.40750833333333,PK,FIGB_PA
7,2004,4.63016666666667,PK,FIGB_PA
8,2005,6.19175,PK,FIGB_PA
9,2006,8.46916666666667,PK,FIGB_PA
10,2007,9.49333333333333,PK,FIGB_PA
11,2008,12.105,PK,FIGB_PA
12,2009,12.725,PK,FIGB_PA
13,2010,12.9412166666667,PK,FIGB_PA
14,2011,13.3657458333333,PK,FIGB_PA
15,2012,11.7269291666667,PK,FIGB_PA
16,2013,10.86325,PK,FIGB_PA
17,2014,11.8749083333333,PK,FIGB_PA
18,2015,7.71905,PK,FIGB_PA
19,2016,6.31819444444444,PK,FIGB_PA
20,2017,6.39179444444444,PK,FIGB_PA
21,2018,9.7341,PK,FIGB_PA
22,2019,12.6719166666667,PK,FIGB_PA
23,2020,8.95338333333333,PK,FIGB_PA
0,2005,7.995,PG,FIGB_PA
1,2006,8.17,PG,FIGB_PA
2,2007,8.42166666666667,PG,FIGB_PA
3,2008,9.23833333333333,PG,FIGB_PA
4,2009,11.66,PG,FIGB_PA
5,2010,10.8625041666667,PG,FIGB_PA
6,2011,8.917875,PG,FIGB_PA
7,2012,9.06083333333333,PG,FIGB_PA
8,2013,8.13166666666667,PG,FIGB_PA
9,2014,10.1483333333333,PG,FIGB_PA
10,2015,10.7904166666667,PG,FIGB_PA
11,2016,11.0891666666667,PG,FIGB_PA
12,2017,10.948375,PG,FIGB_PA
13,2018,11.1366666666667,PG,FIGB_PA
0,1995,13.921875,PH,FIGB_PA
1,1996,13.9895833333333,PH,FIGB_PA
2,1997,14.6145833333333,PH,FIGB_PA
3,1998,17.9845833333333,PH,FIGB_PA
4,1999,12.3081666666667,PH,FIGB_PA
5,2000,12.76725,PH,FIGB_PA
6,2001,13.3265416666667,PH,FIGB_PA
7,2002,8.68766666666667,PH,FIGB_PA
8,2003,8.71516666666667,PH,FIGB_PA
9,2004,10.2623333333333,PH,FIGB_PA
10,2005,8.66,PH,FIGB_PA
11,2006,7.38375,PH,FIGB_PA
12,2007,5.34025,PH,FIGB_PA
13,2014,2.727,PH,FIGB_PA
0,2001,10.6816666666667,PL,FIGB_PA
1,2002,7.35583333333333,PL,FIGB_PA
2,2003,5.7775,PL,FIGB_PA
3,2004,6.89666666666667,PL,FIGB_PA
4,2005,5.21833333333333,PL,FIGB_PA
5,2006,5.23166666666667,PL,FIGB_PA
6,2007,5.48416666666667,PL,FIGB_PA
7,2008,6.07166666666667,PL,FIGB_PA
8,2009,6.12,PL,FIGB_PA
9,2010,5.78166666666667,PL,FIGB_PA
10,2011,5.95583333333333,PL,FIGB_PA
11,2012,5,PL,FIGB_PA
12,2013,4.03361111111111,PL,FIGB_PA
13,2014,3.51583333333333,PL,FIGB_PA
14,2015,2.7016038882615,PL,FIGB_PA
15,2016,3.03583333333333,PL,FIGB_PA
16,2017,3.42,PL,FIGB_PA
17,2018,3.19833333333333,PL,FIGB_PA
18,2019,2.3475,PL,FIGB_PA
19,2020,1.49916666666667,PL,FIGB_PA
0,1995,11.465,PT,FIGB_PA
1,1996,8.55916666666667,PT,FIGB_PA
2,1997,6.35833333333333,PT,FIGB_PA
3,1998,4.8775,PT,FIGB_PA
4,1999,4.7775,PT,FIGB_PA
5,2000,5.595,PT,FIGB_PA
6,2001,5.1575,PT,FIGB_PA
7,2002,5.00666666666667,PT,FIGB_PA
8,2003,4.17833333333333,PT,FIGB_PA
9,2004,4.14333333333333,PT,FIGB_PA
10,2005,3.4375,PT,FIGB_PA
11,2006,3.915,PT,FIGB_PA
12,2007,4.42416666666667,PT,FIGB_PA
13,2008,4.5225,PT,FIGB_PA
14,2009,4.21083333333333,PT,FIGB_PA
15,2010,5.39583333333333,PT,FIGB_PA
16,2011,10.2408333333333,PT,FIGB_PA
17,2012,10.5475,PT,FIGB_PA
18,2013,6.29416666666667,PT,FIGB_PA
19,2014,3.75416666666667,PT,FIGB_PA
20,2015,2.42333333333333,PT,FIGB_PA
21,2016,3.1725,PT,FIGB_PA
22,2017,3.76166666666667,PT,FIGB_PA
0,2005,6.99222222222222,RO,FIGB_PA
1,2006,7.23,RO,FIGB_PA
2,2007,7.13833333333333,RO,FIGB_PA
3,2008,7.69583333333333,RO,FIGB_PA
4,2009,9.69416666666667,RO,FIGB_PA
5,2010,7.33666666666667,RO,FIGB_PA
6,2011,6.65083333333333,RO,FIGB_PA
7,2012,5.68583333333333,RO,FIGB_PA
8,2013,4.24833333333333,RO,FIGB_PA
9,2014,2.21041666666667,RO,FIGB_PA
10,2015,1.27416666666667,RO,FIGB_PA
11,2016,0.645833333333333,RO,FIGB_PA
12,2017,0.583523916666667,RO,FIGB_PA
13,2018,2.24583333333333,RO,FIGB_PA
14,2019,1.565,RO,FIGB_PA
15,2020,2.5825,RO,FIGB_PA
0,2005,7.84333333333333,RU,FIGB_PA
1,2006,6.735,RU,FIGB_PA
2,2007,6.5225,RU,FIGB_PA
3,2008,7.53416666666667,RU,FIGB_PA
4,2009,11.0916666666667,RU,FIGB_PA
5,2010,7.56833333333333,RU,FIGB_PA
6,2011,7.70666666666667,RU,FIGB_PA
7,2017,7.95722222222222,RU,FIGB_PA
8,2018,8.1875,RU,FIGB_PA
9,2019,7.69916666666667,RU,FIGB_PA
10,2020,6.58416666666667,RU,FIGB_PA
0,2012,6.25,SN,FIGB_PA
1,2013,6.28333333333333,SN,FIGB_PA
2,2014,6.25,SN,FIGB_PA
3,2015,5.9375,SN,FIGB_PA
0,1995,14.1516666666667,SC,FIGB_PA
1,1996,13.25,SC,FIGB_PA
2,1997,12.4,SC,FIGB_PA
3,1998,10.7716666666667,SC,FIGB_PA
4,1999,8.86083333333333,SC,FIGB_PA
5,2000,8.3725,SC,FIGB_PA
6,2001,8.24166666666667,SC,FIGB_PA
7,2002,8.19,SC,FIGB_PA
8,2003,7.25083333333333,SC,FIGB_PA
9,2004,6.16666666666667,SC,FIGB_PA
10,2005,6,SC,FIGB_PA
11,2006,6.33533333333333,SC,FIGB_PA
12,2007,7.12727017195767,SC,FIGB_PA
13,2008,7.25893353174603,SC,FIGB_PA
14,2009,7.78495833333333,SC,FIGB_PA
15,2010,8.24270833333333,SC,FIGB_PA
16,2011,8.21875,SC,FIGB_PA
17,2012,9,SC,FIGB_PA
18,2014,5.8125,SC,FIGB_PA
19,2015,5.5,SC,FIGB_PA
20,2016,5.05555555555556,SC,FIGB_PA
21,2017,5.64583333333333,SC,FIGB_PA
22,2018,6.25,SC,FIGB_PA
23,2019,6.3875,SC,FIGB_PA
24,2020,7.41220238095238,SC,FIGB_PA
0,1999,4.49666666666667,SG,FIGB_PA
1,2000,4.36833333333333,SG,FIGB_PA
2,2001,3.56,SG,FIGB_PA
3,2002,3.5275,SG,FIGB_PA
4,2003,2.92166666666667,SG,FIGB_PA
5,2004,3.23416666666667,SG,FIGB_PA
6,2005,2.91666666666667,SG,FIGB_PA
7,2006,3.36,SG,FIGB_PA
8,2007,2.8775,SG,FIGB_PA
9,2008,2.77666666666667,SG,FIGB_PA
10,2009,2.3675,SG,FIGB_PA
11,2010,2.37333333333333,SG,FIGB_PA
12,2011,2.09166666666667,SG,FIGB_PA
13,2012,1.4575,SG,FIGB_PA
14,2013,2.06416666666667,SG,FIGB_PA
15,2014,2.3625,SG,FIGB_PA
16,2015,2.44416666666667,SG,FIGB_PA
17,2016,2.04833333333333,SG,FIGB_PA
18,2017,2.15916666666667,SG,FIGB_PA
19,2018,2.4025,SG,FIGB_PA
20,2019,1.95083333333333,SG,FIGB_PA
21,2020,1.015,SG,FIGB_PA
0,2000,8.32,SK,FIGB_PA
1,2001,8.0425,SK,FIGB_PA
2,2002,6.935,SK,FIGB_PA
3,2003,4.98583333333333,SK,FIGB_PA
4,2004,5.02583333333333,SK,FIGB_PA
5,2005,3.52166666666667,SK,FIGB_PA
6,2006,4.41166666666667,SK,FIGB_PA
7,2007,4.49083333333333,SK,FIGB_PA
8,2008,4.72333333333333,SK,FIGB_PA
9,2009,4.70666666666667,SK,FIGB_PA
10,2010,3.87166666666667,SK,FIGB_PA
11,2011,4.415,SK,FIGB_PA
12,2012,4.5525,SK,FIGB_PA
13,2013,3.1875,SK,FIGB_PA
14,2014,2.07083333333333,SK,FIGB_PA
15,2015,0.885,SK,FIGB_PA
16,2016,0.543333333333333,SK,FIGB_PA
17,2017,1.0575,SK,FIGB_PA
0,2002,8.86416666666667,SI,FIGB_PA
1,2003,6.40166666666667,SI,FIGB_PA
2,2004,4.68333333333333,SI,FIGB_PA
3,2005,3.80666666666667,SI,FIGB_PA
4,2006,3.85333333333333,SI,FIGB_PA
5,2007,4.52916666666667,SI,FIGB_PA
6,2008,4.60666666666667,SI,FIGB_PA
7,2009,4.375,SI,FIGB_PA
8,2010,3.8325,SI,FIGB_PA
9,2011,4.97083333333333,SI,FIGB_PA
10,2012,5.80833333333333,SI,FIGB_PA
11,2013,5.81166666666667,SI,FIGB_PA
12,2014,3.27,SI,FIGB_PA
13,2015,1.705,SI,FIGB_PA
14,2016,1.14916666666667,SI,FIGB_PA
15,2017,0.993333333333333,SI,FIGB_PA
0,1995,13,SB,FIGB_PA
1,1996,11.5,SB,FIGB_PA
2,1997,11.75,SB,FIGB_PA
3,1998,12.5,SB,FIGB_PA
4,1999,8.33865326553191,SB,FIGB_PA
5,2000,6.95153768737588,SB,FIGB_PA
6,2001,6.95153768737588,SB,FIGB_PA
7,2002,6.95153768737588,SB,FIGB_PA
8,2003,6.95153768737588,SB,FIGB_PA
9,2004,4.98907159939229,SB,FIGB_PA
10,2005,2.99353791211355,SB,FIGB_PA
11,2006,3.24353791211355,SB,FIGB_PA
12,2007,3.24117930403785,SB,FIGB_PA
13,2008,3.24,SB,FIGB_PA
14,2009,3.24,SB,FIGB_PA
15,2010,3.24,SB,FIGB_PA
16,2011,3.24,SB,FIGB_PA
17,2012,3.24,SB,FIGB_PA
18,2013,3.24,SB,FIGB_PA
19,2014,3.24,SB,FIGB_PA
20,2015,3.24,SB,FIGB_PA
21,2016,3.24,SB,FIGB_PA
22,2017,3.24,SB,FIGB_PA
23,2018,3.24,SB,FIGB_PA
24,2019,3.24,SB,FIGB_PA
0,1995,16.1066666666667,ZA,FIGB_PA
1,1996,15.4833333333333,ZA,FIGB_PA
2,1997,14.6975,ZA,FIGB_PA
3,1998,15.1225,ZA,FIGB_PA
4,1999,14.9016666666667,ZA,FIGB_PA
5,2000,13.7866666666667,ZA,FIGB_PA
6,2001,11.4066666666667,ZA,FIGB_PA
7,2002,11.5008333333333,ZA,FIGB_PA
8,2003,9.61583333333333,ZA,FIGB_PA
9,2004,9.52666666666667,ZA,FIGB_PA
10,2005,8.06666666666667,ZA,FIGB_PA
11,2006,7.9375,ZA,FIGB_PA
12,2007,7.985,ZA,FIGB_PA
13,2008,9.1,ZA,FIGB_PA
14,2009,8.70333333333333,ZA,FIGB_PA
15,2010,8.615,ZA,FIGB_PA
16,2011,8.52,ZA,FIGB_PA
17,2012,7.9,ZA,FIGB_PA
18,2013,7.7225,ZA,FIGB_PA
19,2014,8.25,ZA,FIGB_PA
20,2015,8.16583333333333,ZA,FIGB_PA
21,2016,9.02083333333333,ZA,FIGB_PA
22,2017,9.06666666666667,ZA,FIGB_PA
23,2018,9.13083333333333,ZA,FIGB_PA
24,2019,9.0775,ZA,FIGB_PA
25,2020,10.1158333333333,ZA,FIGB_PA
0,1995,11.27,ES,FIGB_PA
1,1996,8.73666666666667,ES,FIGB_PA
2,1997,6.40166666666667,ES,FIGB_PA
3,1998,4.83333333333333,ES,FIGB_PA
4,1999,4.7275,ES,FIGB_PA
5,2000,5.52583333333333,ES,FIGB_PA
6,2001,5.11666666666667,ES,FIGB_PA
7,2002,4.95916666666667,ES,FIGB_PA
8,2003,4.12416666666667,ES,FIGB_PA
9,2004,4.10333333333333,ES,FIGB_PA
10,2005,3.3875,ES,FIGB_PA
11,2006,3.785,ES,FIGB_PA
12,2007,4.3075,ES,FIGB_PA
13,2008,4.36666666666667,ES,FIGB_PA
14,2009,3.97916666666667,ES,FIGB_PA
15,2010,4.25083333333333,ES,FIGB_PA
16,2011,5.44,ES,FIGB_PA
17,2012,5.845,ES,FIGB_PA
18,2013,4.56166666666667,ES,FIGB_PA
19,2014,2.72333333333333,ES,FIGB_PA
20,2015,1.73583333333333,ES,FIGB_PA
21,2016,1.39333333333333,ES,FIGB_PA
22,2017,1.555,ES,FIGB_PA
23,2018,1.4225,ES,FIGB_PA
24,2019,0.659166666666667,ES,FIGB_PA
25,2020,0.375,ES,FIGB_PA
0,2009,12.19,LK,FIGB_PA
1,2010,9.13,LK,FIGB_PA
2,2011,8.55,LK,FIGB_PA
3,2012,12.0833333333333,LK,FIGB_PA
4,2013,10.9683333333333,LK,FIGB_PA
5,2014,8.79,LK,FIGB_PA
6,2015,8.905,LK,FIGB_PA
7,2016,12.0583333333333,LK,FIGB_PA
8,2017,11.1504166666667,LK,FIGB_PA
9,2018,10.5425,LK,FIGB_PA
10,2019,10.46375,LK,FIGB_PA
0,1995,10.2425,SE,FIGB_PA
1,1996,8.0275,SE,FIGB_PA
2,1997,6.6225,SE,FIGB_PA
3,1998,4.98916666666667,SE,FIGB_PA
4,1999,4.98,SE,FIGB_PA
5,2000,5.3675,SE,FIGB_PA
6,2001,5.1075,SE,FIGB_PA
7,2002,5.30333333333333,SE,FIGB_PA
8,2003,4.63833333333333,SE,FIGB_PA
9,2004,4.425,SE,FIGB_PA
10,2005,3.38333333333333,SE,FIGB_PA
11,2006,3.705,SE,FIGB_PA
12,2007,4.1675,SE,FIGB_PA
13,2008,3.88833333333333,SE,FIGB_PA
14,2009,3.25,SE,FIGB_PA
15,2010,2.89333333333333,SE,FIGB_PA
16,2011,2.60583333333333,SE,FIGB_PA
17,2012,1.5925,SE,FIGB_PA
18,2013,2.12083333333333,SE,FIGB_PA
19,2014,1.72,SE,FIGB_PA
20,2015,0.719166666666667,SE,FIGB_PA
21,2016,0.54,SE,FIGB_PA
22,2017,0.615833333333333,SE,FIGB_PA
0,1998,3.04416666666667,CH,FIGB_PA
1,1999,3.04,CH,FIGB_PA
2,2000,3.92583333333333,CH,FIGB_PA
3,2001,3.38333333333333,CH,FIGB_PA
4,2002,3.2,CH,FIGB_PA
5,2003,2.66083333333333,CH,FIGB_PA
6,2004,2.74,CH,FIGB_PA
7,2005,2.09583333333333,CH,FIGB_PA
8,2006,2.5175,CH,FIGB_PA
9,2007,2.9275,CH,FIGB_PA
10,2008,2.89666666666667,CH,FIGB_PA
11,2009,2.20333333333333,CH,FIGB_PA
12,2010,1.63166666666667,CH,FIGB_PA
13,2011,1.47166666666667,CH,FIGB_PA
14,2012,0.646666666666667,CH,FIGB_PA
15,2013,0.949166666666667,CH,FIGB_PA
16,2014,0.6925,CH,FIGB_PA
17,2015,-0.0691666666666667,CH,FIGB_PA
18,2016,-0.3625,CH,FIGB_PA
19,2017,-0.0725,CH,FIGB_PA
20,2018,0.0325,CH,FIGB_PA
21,2019,-0.49,CH,FIGB_PA
22,2020,-0.525,CH,FIGB_PA
0,1999,7.939143675,TH,FIGB_PA
1,2000,6.58947700068424,TH,FIGB_PA
2,2001,5.46491173933333,TH,FIGB_PA
3,2002,4.79504319624883,TH,FIGB_PA
4,2003,3.45428107314878,TH,FIGB_PA
5,2004,4.86219905226039,TH,FIGB_PA
6,2005,5.00166666666667,TH,FIGB_PA
7,2006,5.385,TH,FIGB_PA
8,2007,4.59583333333333,TH,FIGB_PA
9,2008,4.5575,TH,FIGB_PA
10,2009,3.905,TH,FIGB_PA
11,2010,3.60416666666667,TH,FIGB_PA
12,2011,3.69333333333333,TH,FIGB_PA
13,2012,3.53333333333333,TH,FIGB_PA
14,2013,3.79964912878788,TH,FIGB_PA
15,2014,3.5725,TH,FIGB_PA
16,2015,2.73416666666667,TH,FIGB_PA
17,2016,2.1775,TH,FIGB_PA
18,2017,2.60333333333333,TH,FIGB_PA
19,2018,2.6875,TH,FIGB_PA
20,2019,2.05416666666667,TH,FIGB_PA
21,2020,1.33166666666667,TH,FIGB_PA
0,1995,8.20028333333333,GB,FIGB_PA
1,1996,7.81018333333333,GB,FIGB_PA
2,1997,7.05259166666667,GB,FIGB_PA
3,1998,5.55095833333333,GB,FIGB_PA
4,1999,5.093525,GB,FIGB_PA
5,2000,5.328975,GB,FIGB_PA
6,2001,4.9295,GB,FIGB_PA
7,2002,4.89424166666667,GB,FIGB_PA
8,2003,4.52659166666667,GB,FIGB_PA
9,2004,4.88226666666667,GB,FIGB_PA
10,2005,4.41389166666667,GB,FIGB_PA
11,2006,4.501675,GB,FIGB_PA
12,2007,5.011275,GB,FIGB_PA
13,2008,4.590725,GB,FIGB_PA
14,2009,3.64751666666667,GB,FIGB_PA
15,2010,3.624425,GB,FIGB_PA
16,2011,3.13599166666667,GB,FIGB_PA
17,2012,1.91804166666667,GB,FIGB_PA
18,2013,2.38978333333333,GB,FIGB_PA
19,2014,2.56908333333333,GB,FIGB_PA
20,2015,1.90103333333333,GB,FIGB_PA
21,2016,1.30520833333333,GB,FIGB_PA
22,2017,1.2781,GB,FIGB_PA
23,2018,1.3125,GB,FIGB_PA
24,2019,0.8308,GB,FIGB_PA
25,2020,0.3224,GB,FIGB_PA
0,1995,6.58,US,FIGB_PA
1,1996,6.43833333333333,US,FIGB_PA
2,1997,6.3525,US,FIGB_PA
3,1998,5.26416666666667,US,FIGB_PA
4,1999,5.63666666666667,US,FIGB_PA
5,2000,6.02916666666667,US,FIGB_PA
6,2001,5.0175,US,FIGB_PA
7,2002,4.61083333333333,US,FIGB_PA
8,2003,4.015,US,FIGB_PA
9,2004,4.27416666666667,US,FIGB_PA
10,2005,4.29,US,FIGB_PA
11,2006,4.79166666666667,US,FIGB_PA
12,2007,4.62916666666667,US,FIGB_PA
13,2008,3.66666666666667,US,FIGB_PA
14,2009,3.25666666666667,US,FIGB_PA
15,2010,3.21416666666667,US,FIGB_PA
16,2011,2.78583333333333,US,FIGB_PA
17,2012,1.8025,US,FIGB_PA
18,2013,2.35083333333333,US,FIGB_PA
19,2014,2.54083333333333,US,FIGB_PA
20,2015,2.13583333333333,US,FIGB_PA
21,2016,1.84166666666667,US,FIGB_PA
22,2017,2.33,US,FIGB_PA
23,2018,2.91,US,FIGB_PA
24,2019,2.14416666666667,US,FIGB_PA
25,2020,0.894166666666667,US,FIGB_PA
0,1995,8,VU,FIGB_PA
1,1996,8,VU,FIGB_PA
2,1997,8,VU,FIGB_PA
3,1998,8,VU,FIGB_PA
4,1999,8.5,VU,FIGB_PA
5,2000,8.5,VU,FIGB_PA
6,2001,8.5,VU,FIGB_PA
7,2002,8.5,VU,FIGB_PA
8,2003,8.5,VU,FIGB_PA
9,2004,8.5,VU,FIGB_PA
10,2005,8.5,VU,FIGB_PA
11,2006,8.5,VU,FIGB_PA
12,2007,8.58333333333333,VU,FIGB_PA
13,2008,8.5,VU,FIGB_PA
14,2009,8.4475,VU,FIGB_PA
15,2010,8.2375,VU,FIGB_PA
16,2011,7.9125,VU,FIGB_PA
17,2012,7.63916666666667,VU,FIGB_PA
18,2013,7.81833333333333,VU,FIGB_PA
19,2014,7.81151212121212,VU,FIGB_PA
20,2015,7.80327677070707,VU,FIGB_PA
21,2016,7.69681818181818,VU,FIGB_PA
22,2017,7.58,VU,FIGB_PA
23,2018,7.58916666666667,VU,FIGB_PA
24,2019,7.59,VU,FIGB_PA
25,2020,7.12,VU,FIGB_PA
0,1999,31.1225,VE,FIGB_PA
1,2000,21.0316666666667,VE,FIGB_PA
2,2001,22.1166666666667,VE,FIGB_PA
3,2002,38.5083333333333,VE,FIGB_PA
4,2003,32.1525,VE,FIGB_PA
5,2004,15.5682804978815,VE,FIGB_PA
6,2005,12.9275,VE,FIGB_PA
7,2006,7.80944444444444,VE,FIGB_PA
8,2007,9.55,VE,FIGB_PA
9,2008,14.47,VE,FIGB_PA
10,2009,12.83875,VE,FIGB_PA
11,2010,15.5283333333333,VE,FIGB_PA
12,2011,17.5154166666667,VE,FIGB_PA
13,2012,16.7575,VE,FIGB_PA
14,2013,15.2649646825397,VE,FIGB_PA
15,2014,15.1081888888889,VE,FIGB_PA
16,2015,15.3866375,VE,FIGB_PA
17,2016,14.8043442669875,VE,FIGB_PA
18,2017,12.9466666666667,VE,FIGB_PA
