,Date,Long_rate,Country,Variable_long,Short_rate,Variable_short
0,2013,8.19666666666667,AO,FIGB_PA,,
1,2014,8.16666666666667,AO,FIGB_PA,,
2,2015,7.77,AO,FIGB_PA,,
3,2016,7.75166666666667,AO,FIGB_PA,,
4,2017,7.58333333333333,AO,FIGB_PA,,
5,2018,5.625,AO,FIGB_PA,,
6,1995,114.228888888889,AM,FIGB_PA,,
7,2000,25.5117383157638,AM,FIGB_PA,,
8,2001,23.1503333333333,AM,FIGB_PA,,
9,2002,17.4415900996534,AM,FIGB_PA,,
10,2003,15.7123529761905,AM,FIGB_PA,,
11,2004,8.20861632104455,AM,FIGB_PA,,
12,2005,5.1832375,AM,FIGB_PA,,
13,2006,5.85706491596639,AM,FIGB_PA,,
14,2007,6.5621625,AM,FIGB_PA,,
15,2008,8.32171231119544,AM,FIGB_PA,,
16,2009,11.8599542551728,AM,FIGB_PA,,
17,2010,13.8820128726145,AM,FIGB_PA,,
18,2011,13.7980278130288,AM,FIGB_PA,,
19,2012,14.3002047697647,AM,FIGB_PA,,
20,2013,13.2034138827596,AM,FIGB_PA,,
21,2014,9.822525,AM,FIGB_PA,,
22,2015,14.410047254447,AM,FIGB_PA,,
23,2016,12.3664826802,AM,FIGB_PA,,
24,2017,8.77250490117572,AM,FIGB_PA,,
25,2018,8.1,AM,FIGB_PA,,
26,2019,7.6412125,AM,FIGB_PA,,
27,2020,6.77888285175954,AM,FIGB_PA,,
28,1995,9.21089527658369,AU,FIGB_PA,,
29,1996,8.20920705749882,AU,FIGB_PA,,
30,1997,6.95491854388937,AU,FIGB_PA,,
31,1998,5.49297052826401,AU,FIGB_PA,,
32,1999,6.00931194298328,AU,FIGB_PA,,
33,2000,6.31456933440806,AU,FIGB_PA,,
34,2001,5.61526432840721,AU,FIGB_PA,,
35,2002,5.84395771110088,AU,FIGB_PA,,
36,2003,5.36677549770342,AU,FIGB_PA,,
37,2004,5.59077450749734,AU,FIGB_PA,,
38,2005,5.33997311398556,AU,FIGB_PA,,
39,2006,5.5878722441858,AU,FIGB_PA,,
40,2007,5.99452083739212,AU,FIGB_PA,,
41,2008,5.81794393964159,AU,FIGB_PA,,
42,2009,5.03951184202271,AU,FIGB_PA,,
43,2010,5.36604166666667,AU,FIGB_PA,,
44,2011,4.87958333333333,AU,FIGB_PA,,
45,2012,3.37916666666667,AU,FIGB_PA,,
46,2013,3.69666666666667,AU,FIGB_PA,,
47,2014,3.65541666666667,AU,FIGB_PA,,
48,2015,2.71020833333333,AU,FIGB_PA,,
49,2016,2.33354166666667,AU,FIGB_PA,,
50,2017,2.63916666666667,AU,FIGB_PA,,
51,2018,2.68416666666667,AU,FIGB_PA,,
52,2019,1.48416666666667,AU,FIGB_PA,,
53,1995,7.13416666666667,AT,FIGB_PA,,
54,1996,6.3225,AT,FIGB_PA,,
55,1997,5.6825,AT,FIGB_PA,,
56,1998,4.7125,AT,FIGB_PA,,
57,1999,4.67916666666667,AT,FIGB_PA,,
58,2000,5.55666666666667,AT,FIGB_PA,,
59,2001,5.07916666666667,AT,FIGB_PA,,
60,2002,4.96416666666667,AT,FIGB_PA,,
61,2003,4.14083333333333,AT,FIGB_PA,,
62,2004,4.13083333333333,AT,FIGB_PA,,
63,2005,3.39416666666667,AT,FIGB_PA,,
64,2006,3.8,AT,FIGB_PA,,
65,2007,4.2975,AT,FIGB_PA,,
66,2008,4.35833333333333,AT,FIGB_PA,,
67,2009,3.93666666666667,AT,FIGB_PA,,
68,2010,3.22583333333333,AT,FIGB_PA,,
69,2011,3.31916666666667,AT,FIGB_PA,,
70,2012,2.3725,AT,FIGB_PA,,
71,2013,2.01,AT,FIGB_PA,,
72,2014,1.4875,AT,FIGB_PA,,
73,2015,0.745833333333333,AT,FIGB_PA,,
74,2016,0.376666666666667,AT,FIGB_PA,,
75,2017,0.576666666666667,AT,FIGB_PA,,
76,2006,12.4475,BD,FIGB_PA,,
77,2007,12.1483333333333,BD,FIGB_PA,,
78,2008,11.7216666666667,BD,FIGB_PA,,
79,2009,10.1433333333333,BD,FIGB_PA,,
80,2010,8.86,BD,FIGB_PA,,
81,2011,9.4925,BD,FIGB_PA,,
82,2012,11.5966666666667,BD,FIGB_PA,,
83,2013,12.125,BD,FIGB_PA,,
84,2014,11.487275,BD,FIGB_PA,,
85,2015,9.43833333333333,BD,FIGB_PA,,
86,2016,7.01833333333333,BD,FIGB_PA,,
87,2017,6.8725,BD,FIGB_PA,,
88,2018,7.21,BD,FIGB_PA,,
89,2019,8.50291666666667,BD,FIGB_PA,,
90,2020,7.67166666666667,BD,FIGB_PA,,
91,1995,7.48083333333333,BE,FIGB_PA,,
92,1996,6.4925,BE,FIGB_PA,,
93,1997,5.75333333333333,BE,FIGB_PA,,
94,1998,4.75166666666667,BE,FIGB_PA,,
95,1999,4.74916666666667,BE,FIGB_PA,,
96,2000,5.5925,BE,FIGB_PA,,
97,2001,5.13083333333333,BE,FIGB_PA,,
98,2002,4.98666666666667,BE,FIGB_PA,,
99,2003,4.18083333333333,BE,FIGB_PA,,
100,2004,4.1525,BE,FIGB_PA,,
101,2005,3.42833333333333,BE,FIGB_PA,,
102,2006,3.815,BE,FIGB_PA,,
103,2007,4.32833333333333,BE,FIGB_PA,,
104,2008,4.4175,BE,FIGB_PA,,
105,2009,3.90166666666667,BE,FIGB_PA,,
106,2010,3.4625,BE,FIGB_PA,,
107,2011,4.23333333333333,BE,FIGB_PA,,
108,2012,3,BE,FIGB_PA,,
109,2013,2.41,BE,FIGB_PA,,
110,2014,1.71333333333333,BE,FIGB_PA,,
111,2015,0.84,BE,FIGB_PA,,
112,2016,0.475833333333333,BE,FIGB_PA,,
113,2017,0.73125,BE,FIGB_PA,,
114,2003,10.5388888888889,BW,FIGB_PA,,
115,2004,10.0666666666667,BW,FIGB_PA,,
116,2005,9.49,BW,FIGB_PA,,
117,2006,11.5963916666667,BW,FIGB_PA,,
118,2007,10.7344416666667,BW,FIGB_PA,,
119,2008,10.1891666666667,BW,FIGB_PA,,
120,2009,8.62895833333333,BW,FIGB_PA,,
121,2010,7.68729166666667,BW,FIGB_PA,,
122,2011,7.435,BW,FIGB_PA,,
123,2012,5.665,BW,FIGB_PA,,
124,2013,5.013,BW,FIGB_PA,,
125,2014,4.21116666666667,BW,FIGB_PA,,
126,2015,3.666,BW,FIGB_PA,,
127,2016,5.76316666666667,BW,FIGB_PA,,
128,2017,5.4775,BW,FIGB_PA,,
129,2018,5.27383333333333,BW,FIGB_PA,,
130,2019,5.089,BW,FIGB_PA,,
131,2020,5.08654166666667,BW,FIGB_PA,,
132,2003,6.44666666666667,BG,FIGB_PA,,
133,2004,5.36,BG,FIGB_PA,,
134,2005,3.87416666666667,BG,FIGB_PA,,
135,2006,4.18333333333333,BG,FIGB_PA,,
136,2007,4.53916666666667,BG,FIGB_PA,,
137,2008,5.37666666666667,BG,FIGB_PA,,
138,2009,7.215,BG,FIGB_PA,,
139,2010,6.00446666666667,BG,FIGB_PA,,
140,2011,5.35684166666667,BG,FIGB_PA,,
141,2012,4.49741666666667,BG,FIGB_PA,,
142,2013,3.47295,BG,FIGB_PA,,
143,2014,3.3475,BG,FIGB_PA,,
144,2015,2.49060833333333,BG,FIGB_PA,,
145,2016,2.270575,BG,FIGB_PA,,
146,2017,1.60273333333333,BG,FIGB_PA,,
147,2018,0.892175,BG,FIGB_PA,,
148,2019,0.429,BG,FIGB_PA,,
149,2020,0.252816666666667,BG,FIGB_PA,,
150,2012,6.5,BF,FIGB_PA,,
151,2013,6.5,BF,FIGB_PA,,
152,2014,6.25,BF,FIGB_PA,,
153,2015,6,BF,FIGB_PA,,
154,1995,8.28083333333333,CA,FIGB_PA,,
155,1996,7.50333333333333,CA,FIGB_PA,,
156,1997,6.42416666666667,CA,FIGB_PA,,
157,1998,5.465,CA,FIGB_PA,,
158,1999,5.69083333333333,CA,FIGB_PA,,
159,2000,5.88583333333333,CA,FIGB_PA,,
160,2001,5.7825,CA,FIGB_PA,,
161,2002,5.66166666666667,CA,FIGB_PA,,
162,2003,5.27833333333333,CA,FIGB_PA,,
163,2004,5.08083333333333,CA,FIGB_PA,,
164,2005,4.38583333333333,CA,FIGB_PA,,
165,2006,4.29916666666667,CA,FIGB_PA,,
166,2007,4.335,CA,FIGB_PA,,
167,2008,4.04,CA,FIGB_PA,,
168,2009,3.89083333333333,CA,FIGB_PA,,
169,2010,3.6575,CA,FIGB_PA,,
170,2011,3.21416666666667,CA,FIGB_PA,,
171,2012,2.33166666666667,CA,FIGB_PA,,
172,2013,2.71833333333333,CA,FIGB_PA,,
173,2014,2.59833333333333,CA,FIGB_PA,,
174,2015,2.02333333333333,CA,FIGB_PA,,
175,2016,1.80416666666667,CA,FIGB_PA,,
176,2017,2.13333333333333,CA,FIGB_PA,,
177,2012,6.25,CI,FIGB_PA,,
178,2013,6.35,CI,FIGB_PA,,
179,2015,5.75,CI,FIGB_PA,,
180,1997,6.93,CY,FIGB_PA,,
181,1998,7.22166666666667,CY,FIGB_PA,,
182,1999,7.34333333333333,CY,FIGB_PA,,
183,2000,7.53916666666667,CY,FIGB_PA,,
184,2001,7.625,CY,FIGB_PA,,
185,2002,5.69666666666667,CY,FIGB_PA,,
186,2003,4.74333333333333,CY,FIGB_PA,,
187,2004,5.7975,CY,FIGB_PA,,
188,2005,5.16166666666667,CY,FIGB_PA,,
189,2006,4.13416666666667,CY,FIGB_PA,,
190,2007,4.475,CY,FIGB_PA,,
191,2008,4.6,CY,FIGB_PA,,
192,2009,4.6,CY,FIGB_PA,,
193,2010,4.6,CY,FIGB_PA,,
194,2011,5.7875,CY,FIGB_PA,,
195,2012,7,CY,FIGB_PA,,
196,2013,6.5,CY,FIGB_PA,,
197,2014,6,CY,FIGB_PA,,
198,2015,4.53666666666667,CY,FIGB_PA,,
199,2016,3.7725,CY,FIGB_PA,,
200,2017,2.62333333333333,CY,FIGB_PA,,
201,2018,2.1825,CY,FIGB_PA,,
202,2019,1.07083333333333,CY,FIGB_PA,,
203,2020,0.876666666666667,CY,FIGB_PA,,
204,2000,6.93444444444444,CZ,FIGB_PA,,
205,2001,6.31416666666667,CZ,FIGB_PA,,
206,2002,4.87666666666667,CZ,FIGB_PA,,
207,2003,4.11583333333333,CZ,FIGB_PA,,
208,2004,4.75416666666667,CZ,FIGB_PA,,
209,2005,3.51416666666667,CZ,FIGB_PA,,
210,2006,3.77833333333333,CZ,FIGB_PA,,
211,2007,4.28,CZ,FIGB_PA,,
212,2008,4.63358333333333,CZ,FIGB_PA,,
213,2009,4.8375,CZ,FIGB_PA,,
214,2010,3.88483333333333,CZ,FIGB_PA,,
215,2011,3.70741666666667,CZ,FIGB_PA,,
216,2012,2.80210129663769,CZ,FIGB_PA,,
217,2013,2.10952301119547,CZ,FIGB_PA,,
218,2014,1.57583333333333,CZ,FIGB_PA,,
219,2015,0.57394768921469,CZ,FIGB_PA,,
220,2016,0.427469041088716,CZ,FIGB_PA,,
221,2017,0.980641279773072,CZ,FIGB_PA,,
222,2018,1.98112341948439,CZ,FIGB_PA,,
223,2019,1.54811600860504,CZ,FIGB_PA,,
224,2020,1.12878590613419,CZ,FIGB_PA,,
225,1995,8.26916666666667,DK,FIGB_PA,,
226,1996,7.19416666666667,DK,FIGB_PA,,
227,1997,6.25416666666667,DK,FIGB_PA,,
228,1998,4.9375,DK,FIGB_PA,,
229,1999,4.91,DK,FIGB_PA,,
230,2000,5.64166666666667,DK,FIGB_PA,,
231,2001,5.07916666666667,DK,FIGB_PA,,
232,2002,5.05583333333333,DK,FIGB_PA,,
233,2003,4.30833333333333,DK,FIGB_PA,,
234,2004,4.305,DK,FIGB_PA,,
235,2005,3.40416666666667,DK,FIGB_PA,,
236,2006,3.81166666666667,DK,FIGB_PA,,
237,2007,4.28583333333333,DK,FIGB_PA,,
238,2008,4.28166666666667,DK,FIGB_PA,,
239,2009,3.5875,DK,FIGB_PA,,
240,2010,2.9275,DK,FIGB_PA,,
241,2011,2.73058333333333,DK,FIGB_PA,,
242,2012,1.40333333333333,DK,FIGB_PA,,
243,2013,1.74583333333333,DK,FIGB_PA,,
244,2014,1.32666666666667,DK,FIGB_PA,,
245,2015,0.69,DK,FIGB_PA,,
246,2016,0.320833333333333,DK,FIGB_PA,,
247,2017,0.515,DK,FIGB_PA,,
248,2018,0.456666666666667,DK,FIGB_PA,,
249,2019,-0.181666666666667,DK,FIGB_PA,,
250,2020,-0.358333333333333,DK,FIGB_PA,,
251,1995,13,ET,FIGB_PA,,
252,1996,13,ET,FIGB_PA,,
253,1997,12.82,ET,FIGB_PA,,
254,2003,3.05,ET,FIGB_PA,,
255,2004,3.91488095238095,ET,FIGB_PA,,
256,2005,3.97619047619048,ET,FIGB_PA,,
257,2006,4,ET,FIGB_PA,,
258,2007,4,ET,FIGB_PA,,
259,2008,4,ET,FIGB_PA,,
260,1995,8.72916666666667,U2,FIGB_PA,,
261,1996,7.2325,U2,FIGB_PA,,
262,1997,5.95833333333333,U2,FIGB_PA,,
263,1998,4.70333333333333,U2,FIGB_PA,,
264,1999,4.65515,U2,FIGB_PA,,
265,2000,5.438875,U2,FIGB_PA,,
266,2001,5.0273,U2,FIGB_PA,,
267,2002,4.92290833333333,U2,FIGB_PA,,
268,2003,4.16085833333333,U2,FIGB_PA,,
269,2004,4.14079166666667,U2,FIGB_PA,,
270,2005,3.440875,U2,FIGB_PA,,
271,2006,3.85951666666667,U2,FIGB_PA,,
272,2007,4.33176666666667,U2,FIGB_PA,,
273,2008,4.35503333333333,U2,FIGB_PA,,
274,2009,4.0301,U2,FIGB_PA,,
275,2010,3.784725,U2,FIGB_PA,,
276,2011,4.31229166666667,U2,FIGB_PA,,
277,2012,3.05313333333333,U2,FIGB_PA,,
278,2013,3.01155833333333,U2,FIGB_PA,,
279,2014,2.28260833333333,U2,FIGB_PA,,
280,2015,1.27115833333333,U2,FIGB_PA,-0.244166666666667,FITB_3M_PA
281,2016,0.930625,U2,FIGB_PA,-0.563313083333333,FITB_3M_PA
282,2017,1.31329166666667,U2,FIGB_PA,-0.612043666666667,FITB_3M_PA
283,2001,5.91,FJ,FIGB_PA,,
284,2002,5.86875,FJ,FIGB_PA,,
285,2003,5.18722222222222,FJ,FIGB_PA,,
286,2004,4.78938095238095,FJ,FIGB_PA,,
287,2005,4.80921637725429,FJ,FIGB_PA,,
288,2006,7.700562631586,FJ,FIGB_PA,,
289,2007,7.41666666666667,FJ,FIGB_PA,,
290,2008,7.03460900084539,FJ,FIGB_PA,,
291,2009,4.23219196158135,FJ,FIGB_PA,,
292,2012,6.13408534290917,FJ,FIGB_PA,,
293,2013,5.08916666666667,FJ,FIGB_PA,,
294,2014,4.57750487987988,FJ,FIGB_PA,,
295,2015,5.17458333333333,FJ,FIGB_PA,,
296,2016,5.83916077437121,FJ,FIGB_PA,,
297,2017,6.14333333333333,FJ,FIGB_PA,,
298,2018,6,FJ,FIGB_PA,,
299,2019,6,FJ,FIGB_PA,,
300,2020,5.31777777777778,FJ,FIGB_PA,,
301,1995,8.7925,FI,FIGB_PA,,
302,1996,7.07666666666667,FI,FIGB_PA,,
303,1997,5.9575,FI,FIGB_PA,,
304,1998,4.7875,FI,FIGB_PA,,
305,1999,4.72416666666667,FI,FIGB_PA,,
306,2000,5.48333333333333,FI,FIGB_PA,,
307,2001,5.04333333333333,FI,FIGB_PA,,
308,2002,4.98083333333333,FI,FIGB_PA,,
309,2003,4.13416666666667,FI,FIGB_PA,,
310,2004,4.11,FI,FIGB_PA,,
311,2005,3.35166666666667,FI,FIGB_PA,,
312,2006,3.78333333333333,FI,FIGB_PA,,
313,2007,4.29254542557714,FI,FIGB_PA,,
314,2008,4.28973224815167,FI,FIGB_PA,,
315,2009,3.73884547340849,FI,FIGB_PA,,
316,2010,3.01290969807589,FI,FIGB_PA,,
317,2011,3.00587516233766,FI,FIGB_PA,,
318,2012,1.88419111896212,FI,FIGB_PA,,
319,2013,1.86087718691492,FI,FIGB_PA,,
320,2014,1.44927441666667,FI,FIGB_PA,,
321,2015,0.723133015214254,FI,FIGB_PA,,
322,2016,0.363164311594203,FI,FIGB_PA,,
323,2017,0.548126949156512,FI,FIGB_PA,,
324,1995,7.535,FR,FIGB_PA,6.6125,FITB_3M_PA
325,1996,6.31083333333333,FR,FIGB_PA,3.85583333333333,FITB_3M_PA
326,1997,5.58166666666667,FR,FIGB_PA,3.36583333333333,FITB_3M_PA
327,1998,4.64,FR,FIGB_PA,3.46583333333333,FITB_3M_PA
328,1999,4.60833333333333,FR,FIGB_PA,2.730525,FITB_3M_PA
329,2000,5.39416666666667,FR,FIGB_PA,4.240525,FITB_3M_PA
330,2001,4.93916666666667,FR,FIGB_PA,4.2579,FITB_3M_PA
331,2002,4.86,FR,FIGB_PA,3.29513333333333,FITB_3M_PA
332,2003,4.13,FR,FIGB_PA,2.27554166666667,FITB_3M_PA
333,2004,4.09833333333333,FR,FIGB_PA,2.02490833333333,FITB_3M_PA
334,2005,3.41,FR,FIGB_PA,2.07104166666667,FITB_3M_PA
335,2006,3.79666666666667,FR,FIGB_PA,2.88915,FITB_3M_PA
336,2007,4.30416666666667,FR,FIGB_PA,3.86405,FITB_3M_PA
337,2008,4.23416666666667,FR,FIGB_PA,3.61893333333333,FITB_3M_PA
338,2009,3.64919166666667,FR,FIGB_PA,0.647225,FITB_3M_PA
339,2010,3.1171,FR,FIGB_PA,0.376258333333333,FITB_3M_PA
340,2011,3.32121666666667,FR,FIGB_PA,0.693358333333333,FITB_3M_PA
341,2012,2.53618333333333,FR,FIGB_PA,0.0493333333333333,FITB_3M_PA
342,2013,2.20460833333333,FR,FIGB_PA,0.0430666666666667,FITB_3M_PA
343,2014,1.6674,FR,FIGB_PA,0.0572916666666667,FITB_3M_PA
344,2015,0.844408333333333,FR,FIGB_PA,-0.199075,FITB_3M_PA
345,2016,0.467066666666667,FR,FIGB_PA,-0.556266666666667,FITB_3M_PA
346,2017,0.924683333333333,FR,FIGB_PA,-0.61525,FITB_3M_PA
347,1995,6.85,DE,FIGB_PA,,
348,1996,6.21583333333333,DE,FIGB_PA,,
349,1997,5.64083333333333,DE,FIGB_PA,,
350,1998,4.57166666666667,DE,FIGB_PA,,
351,1999,4.49083333333333,DE,FIGB_PA,,
352,2000,5.26333333333333,DE,FIGB_PA,,
353,2001,4.7975,DE,FIGB_PA,,
354,2002,4.7825,DE,FIGB_PA,,
355,2003,4.07083333333333,DE,FIGB_PA,,
356,2004,4.03666666666667,DE,FIGB_PA,,
357,2005,3.35333333333333,DE,FIGB_PA,,
358,2006,3.7625,DE,FIGB_PA,,
359,2007,4.21666666666667,DE,FIGB_PA,,
360,2008,3.98416666666667,DE,FIGB_PA,,
361,2009,3.2225,DE,FIGB_PA,,
362,2010,2.74333333333333,DE,FIGB_PA,,
363,2011,2.60666666666667,DE,FIGB_PA,,
364,2012,1.495,DE,FIGB_PA,,
365,2013,1.57,DE,FIGB_PA,,
366,2014,1.16333333333333,DE,FIGB_PA,,
367,2015,0.495833333333333,DE,FIGB_PA,,
368,2016,0.09,DE,FIGB_PA,,
369,2017,0.283333333333333,DE,FIGB_PA,,
370,2004,21.195,GH,FIGB_PA,,
371,2005,20.5375,GH,FIGB_PA,,
372,2006,16.4222222222222,GH,FIGB_PA,,
373,2007,12.7063888888889,GH,FIGB_PA,,
374,2008,14.8883333333333,GH,FIGB_PA,,
375,2009,16,GH,FIGB_PA,,
376,2010,15.14,GH,FIGB_PA,,
377,2011,13.425,GH,FIGB_PA,,
378,2012,20.4141666666667,GH,FIGB_PA,,
379,2013,18.2366666666667,GH,FIGB_PA,,
380,2014,24.3366666666667,GH,FIGB_PA,,
381,2015,23.5191666666667,GH,FIGB_PA,,
382,2016,24.3958333333333,GH,FIGB_PA,,
383,2017,20.0833333333333,GH,FIGB_PA,,
384,2018,17.7916666666667,GH,FIGB_PA,,
385,2019,19.8,GH,FIGB_PA,,
386,2020,19.4416666666667,GH,FIGB_PA,,
387,1995,16.9591666666667,GR,FIGB_PA,,
388,1996,14.4333333333333,GR,FIGB_PA,,
389,1997,9.91916666666667,GR,FIGB_PA,,
390,1998,8.4825,GR,FIGB_PA,,
391,1999,6.2975,GR,FIGB_PA,,
392,2000,6.1,GR,FIGB_PA,,
393,2001,5.30333333333333,GR,FIGB_PA,,
394,2002,5.1225,GR,FIGB_PA,,
395,2003,4.2675,GR,FIGB_PA,,
396,2004,4.25583333333333,GR,FIGB_PA,,
397,2005,3.585,GR,FIGB_PA,,
398,2006,4.07,GR,FIGB_PA,,
399,2007,4.5,GR,FIGB_PA,,
400,2008,4.8025,GR,FIGB_PA,,
401,2009,5.17416666666667,GR,FIGB_PA,,
402,2010,9.09166666666667,GR,FIGB_PA,,
403,2011,15.7491666666667,GR,FIGB_PA,,
404,2012,22.4983333333333,GR,FIGB_PA,,
405,2013,10.0541666666667,GR,FIGB_PA,,
406,2014,6.92916666666667,GR,FIGB_PA,,
407,2015,9.81333333333333,GR,FIGB_PA,,
408,2016,8.36,GR,FIGB_PA,,
409,2017,5.97833333333333,GR,FIGB_PA,,
410,2018,4.185,GR,FIGB_PA,,
411,2019,2.58583333333333,GR,FIGB_PA,,
412,2020,1.27166666666667,GR,FIGB_PA,,
413,2001,7.945,HU,FIGB_PA,,
414,2002,7.085,HU,FIGB_PA,,
415,2003,6.82333333333333,HU,FIGB_PA,,
416,2004,8.18916666666667,HU,FIGB_PA,,
417,2005,6.59916666666667,HU,FIGB_PA,,
418,2006,7.11583333333333,HU,FIGB_PA,,
419,2007,6.74416666666667,HU,FIGB_PA,,
420,2008,8.23833333333333,HU,FIGB_PA,,
421,2009,9.12333333333333,HU,FIGB_PA,,
422,2010,7.282125,HU,FIGB_PA,,
423,2011,7.63515833333333,HU,FIGB_PA,,
424,2012,7.89083333333333,HU,FIGB_PA,,
425,2013,5.92333333333333,HU,FIGB_PA,,
426,2014,4.80916666666667,HU,FIGB_PA,,
427,2015,3.4325,HU,FIGB_PA,,
428,2016,3.14333333333333,HU,FIGB_PA,,
429,2017,2.9625,HU,FIGB_PA,,
430,2018,3.05833333333333,HU,FIGB_PA,,
431,2019,2.465,HU,FIGB_PA,,
432,2020,2.225,HU,FIGB_PA,,
433,1995,7.18083333333333,IS,FIGB_PA,,
434,1996,5.61416666666667,IS,FIGB_PA,,
435,1997,5.49166666666667,IS,FIGB_PA,,
436,1998,4.73333333333333,IS,FIGB_PA,,
437,1999,4.27916666666667,IS,FIGB_PA,,
438,2000,5.34916666666667,IS,FIGB_PA,,
439,2001,5.32833333333333,IS,FIGB_PA,,
440,2002,5.2325,IS,FIGB_PA,,
441,2003,4.41416666666667,IS,FIGB_PA,,
442,2004,3.879423105,IS,FIGB_PA,,
443,2005,3.73029353333333,IS,FIGB_PA,,
444,2006,4.3173818525,IS,FIGB_PA,,
445,2007,4.96211657,IS,FIGB_PA,,
446,2008,4.300186665,IS,FIGB_PA,,
447,2009,4.29952465416667,IS,FIGB_PA,,
448,2010,3.49332216083333,IS,FIGB_PA,,
449,2011,2.94615757,IS,FIGB_PA,,
450,2012,2.27898126666667,IS,FIGB_PA,,
451,2013,2.55166666666667,IS,FIGB_PA,,
452,2014,3.1975,IS,FIGB_PA,,
453,2015,2.66083333333333,IS,FIGB_PA,,
454,2016,2.78166666666667,IS,FIGB_PA,,
455,2017,2.21666666666667,IS,FIGB_PA,,
456,2018,1.8425,IS,FIGB_PA,,
457,2019,1.08583333333333,IS,FIGB_PA,,
458,2020,0.340355115833333,IS,FIGB_PA,,
459,2005,6.9575,IN,FIGB_PA,,
460,2006,7.655,IN,FIGB_PA,,
461,2007,7.97,IN,FIGB_PA,,
462,2008,7.845,IN,FIGB_PA,,
463,2009,6.94833333333333,IN,FIGB_PA,,
464,2010,7.84506416666667,IN,FIGB_PA,,
465,2011,8.37251916666667,IN,FIGB_PA,,
466,2012,8.29416333333333,IN,FIGB_PA,,
467,2013,8.145,IN,FIGB_PA,,
468,2014,8.55583333333333,IN,FIGB_PA,,
469,2015,7.76833333333333,IN,FIGB_PA,,
470,2016,7.170725,IN,FIGB_PA,,
471,2017,6.97,IN,FIGB_PA,,
472,1995,8.255,IE,FIGB_PA,,
473,1996,7.28916666666667,IE,FIGB_PA,,
474,1997,6.29333333333333,IE,FIGB_PA,,
475,1998,4.79666666666667,IE,FIGB_PA,,
476,1999,4.71083333333333,IE,FIGB_PA,,
477,2000,5.5125,IE,FIGB_PA,,
478,2001,5.01166666666667,IE,FIGB_PA,,
479,2002,5.01,IE,FIGB_PA,,
480,2003,4.1325,IE,FIGB_PA,,
481,2004,4.07666666666667,IE,FIGB_PA,,
482,2005,3.32916666666667,IE,FIGB_PA,,
483,2006,3.765,IE,FIGB_PA,,
484,2007,4.30583333333333,IE,FIGB_PA,,
485,2008,4.52583333333333,IE,FIGB_PA,,
486,2009,5.225,IE,FIGB_PA,,
487,2010,5.73916666666667,IE,FIGB_PA,,
488,2011,9.60166666666667,IE,FIGB_PA,,
489,2012,6.17166666666667,IE,FIGB_PA,,
490,2013,3.79,IE,FIGB_PA,,
491,2014,2.3675,IE,FIGB_PA,,
492,2015,1.1825,IE,FIGB_PA,,
493,2016,0.735833333333333,IE,FIGB_PA,,
494,2017,0.951666666666667,IE,FIGB_PA,,
495,1995,12.205,IT,FIGB_PA,,
496,1996,9.40083333333333,IT,FIGB_PA,,
497,1997,6.8625,IT,FIGB_PA,,
498,1998,4.88416666666667,IT,FIGB_PA,,
499,1999,4.7275,IT,FIGB_PA,,
500,2000,5.57583333333333,IT,FIGB_PA,,
501,2001,5.18916666666667,IT,FIGB_PA,,
502,2002,5.03583333333333,IT,FIGB_PA,,
503,2003,4.24833333333333,IT,FIGB_PA,,
504,2004,4.25833333333333,IT,FIGB_PA,,
505,2005,3.55583333333333,IT,FIGB_PA,,
506,2006,4.0475,IT,FIGB_PA,,
507,2007,4.48731583333333,IT,FIGB_PA,,
508,2008,4.68114916666667,IT,FIGB_PA,,
509,2009,4.31333333333333,IT,FIGB_PA,,
510,2010,4.03583333333333,IT,FIGB_PA,,
511,2011,5.42416666666667,IT,FIGB_PA,,
512,2012,5.4925,IT,FIGB_PA,,
513,2013,4.31666666666667,IT,FIGB_PA,,
514,2014,2.8925,IT,FIGB_PA,,
515,2015,1.71416666666667,IT,FIGB_PA,,
516,2016,1.4875,IT,FIGB_PA,,
517,2017,2.11166666666667,IT,FIGB_PA,,
518,2018,2.61,IT,FIGB_PA,,
519,2019,1.95033333333333,IT,FIGB_PA,,
520,2020,1.16791666666667,IT,FIGB_PA,,
521,1999,1.77083333333333,JP,FIGB_PA,,
522,2000,1.7475,JP,FIGB_PA,,
523,2001,1.32958333333333,JP,FIGB_PA,,
524,2002,1.25,JP,FIGB_PA,,
525,2003,1.01166666666667,JP,FIGB_PA,,
526,2004,1.49916666666667,JP,FIGB_PA,,
527,2005,1.35958333333333,JP,FIGB_PA,,
528,2006,1.73125,JP,FIGB_PA,,
529,2007,1.65291666666667,JP,FIGB_PA,,
530,2008,1.44916666666667,JP,FIGB_PA,,
531,2009,1.3425,JP,FIGB_PA,,
532,2010,1.15083333333333,JP,FIGB_PA,,
533,2011,1.11833333333333,JP,FIGB_PA,,
534,2012,0.839166666666667,JP,FIGB_PA,,
535,2013,0.700416666666667,JP,FIGB_PA,,
536,2014,0.52625,JP,FIGB_PA,,
537,2015,0.346666666666667,JP,FIGB_PA,,
538,2016,-0.06625,JP,FIGB_PA,,
539,2017,0.045,JP,FIGB_PA,,
540,1995,12.4,KR,FIGB_PA,,
541,1996,10.8966666666667,KR,FIGB_PA,,
542,1997,11.7,KR,FIGB_PA,,
543,1998,12.7966666666667,KR,FIGB_PA,,
544,1999,8.71666666666667,KR,FIGB_PA,,
545,2000,8.5025,KR,FIGB_PA,,
546,2001,6.66083333333333,KR,FIGB_PA,,
547,2002,6.4675,KR,FIGB_PA,,
548,2003,4.92833333333333,KR,FIGB_PA,,
549,2004,4.45333333333333,KR,FIGB_PA,,
550,2005,4.6625,KR,FIGB_PA,,
551,2006,5.06583333333333,KR,FIGB_PA,,
552,2007,5.42916666666667,KR,FIGB_PA,,
553,2008,5.79083333333333,KR,FIGB_PA,,
554,2009,5.10083333333333,KR,FIGB_PA,,
555,2010,4.58583333333333,KR,FIGB_PA,,
556,2011,4.10583333333333,KR,FIGB_PA,,
557,2012,3.43333333333333,KR,FIGB_PA,,
558,2013,3.16483333333333,KR,FIGB_PA,,
559,2014,2.9805,KR,FIGB_PA,,
560,2015,2.10725,KR,FIGB_PA,,
561,2016,1.65941666666667,KR,FIGB_PA,,
562,2017,2.166,KR,FIGB_PA,,
563,2018,2.45466666666667,KR,FIGB_PA,,
564,2019,1.67783333333333,KR,FIGB_PA,,
565,2020,1.37241666666667,KR,FIGB_PA,,
566,2009,9.13751350841179,KG,FIGB_PA,,
567,2010,16.6070157260933,KG,FIGB_PA,,
568,2011,18.4446884735202,KG,FIGB_PA,,
569,2012,14.9402394289845,KG,FIGB_PA,,
570,2013,14.8375,KG,FIGB_PA,,
571,2014,14.4087481345184,KG,FIGB_PA,,
572,2015,15.9804722021549,KG,FIGB_PA,,
573,2016,16.5304396583545,KG,FIGB_PA,,
574,2017,13.0174704362818,KG,FIGB_PA,,
575,2018,11.8081481480394,KG,FIGB_PA,,
576,2019,10.3038788244549,KG,FIGB_PA,,
577,2020,11.010380869755,KG,FIGB_PA,,
578,2001,8.15333333333333,LT,FIGB_PA,,
579,2002,6.0625,LT,FIGB_PA,,
580,2003,5.32166666666667,LT,FIGB_PA,,
581,2004,4.5025,LT,FIGB_PA,,
582,2005,3.69833333333333,LT,FIGB_PA,,
583,2006,4.08083333333333,LT,FIGB_PA,,
584,2007,4.54583333333333,LT,FIGB_PA,,
585,2008,5.6075,LT,FIGB_PA,,
586,2009,14.0041666666667,LT,FIGB_PA,,
587,2010,5.56666666666667,LT,FIGB_PA,,
588,2011,5.16,LT,FIGB_PA,,
589,2012,4.83083333333333,LT,FIGB_PA,,
590,2013,3.83178571428571,LT,FIGB_PA,,
591,2014,2.7925,LT,FIGB_PA,,
592,2015,1.38083333333333,LT,FIGB_PA,,
593,2016,0.898333333333333,LT,FIGB_PA,,
594,2017,0.31,LT,FIGB_PA,,
595,1995,7.22916666666667,LU,FIGB_PA,,
596,1996,6.32166666666667,LU,FIGB_PA,,
597,1997,5.5975,LU,FIGB_PA,,
598,1998,4.72666666666667,LU,FIGB_PA,,
599,1999,4.66416666666667,LU,FIGB_PA,,
600,2000,5.51833333333333,LU,FIGB_PA,,
601,2001,4.85916666666667,LU,FIGB_PA,,
602,2002,4.7025,LU,FIGB_PA,,
603,2003,3.31583333333333,LU,FIGB_PA,,
604,2004,2.84416666666667,LU,FIGB_PA,,
605,2005,2.41416666666667,LU,FIGB_PA,,
606,2006,3.30333333333333,LU,FIGB_PA,,
607,2007,4.46083333333333,LU,FIGB_PA,,
608,2008,4.6075,LU,FIGB_PA,,
609,2009,4.22916666666667,LU,FIGB_PA,,
610,2010,3.1675,LU,FIGB_PA,,
611,2011,2.92333333333333,LU,FIGB_PA,,
612,2012,1.75333333333333,LU,FIGB_PA,,
613,2013,1.85166666666667,LU,FIGB_PA,,
614,2014,1.33666666666667,LU,FIGB_PA,,
615,2015,0.369166666666667,LU,FIGB_PA,,
616,2016,0.255833333333333,LU,FIGB_PA,,
617,2017,0.528333333333333,LU,FIGB_PA,,
618,1995,6.505,MY,FIGB_PA,,
619,1996,6.39083333333333,MY,FIGB_PA,,
620,1997,6.87495833333333,MY,FIGB_PA,,
621,1998,7.6565,MY,FIGB_PA,,
622,1999,5.62766666666667,MY,FIGB_PA,,
623,2000,5.10683333333333,MY,FIGB_PA,,
624,2001,3.53666666666667,MY,FIGB_PA,,
625,2002,3.46733333333333,MY,FIGB_PA,,
626,2003,3.59833333333333,MY,FIGB_PA,,
627,2004,4.08766666666667,MY,FIGB_PA,,
628,2005,3.56816666666667,MY,FIGB_PA,,
629,2006,4.0065,MY,FIGB_PA,,
630,2007,3.57191666666667,MY,FIGB_PA,,
631,2008,3.72916666666667,MY,FIGB_PA,,
632,2009,3.58941666666667,MY,FIGB_PA,,
633,2010,3.51891666666667,MY,FIGB_PA,,
634,2011,3.44808333333333,MY,FIGB_PA,,
635,2012,3.25216666666667,MY,FIGB_PA,,
636,2013,3.4245,MY,FIGB_PA,,
637,2014,3.69241666666667,MY,FIGB_PA,,
638,2015,3.67133333333333,MY,FIGB_PA,,
639,2016,3.45325,MY,FIGB_PA,,
640,2017,3.64075,MY,FIGB_PA,,
641,2018,3.74541666666667,MY,FIGB_PA,,
642,2019,3.43183333333333,MY,FIGB_PA,,
643,2020,2.4205,MY,FIGB_PA,,
644,2013,,MV,FIGB_PA,,
645,2014,2.4,MV,FIGB_PA,,
646,2015,2.4,MV,FIGB_PA,,
647,2016,2.4,MV,FIGB_PA,,
648,2017,2.4,MV,FIGB_PA,,
649,2018,2.4,MV,FIGB_PA,,
650,2019,2.4,MV,FIGB_PA,,
651,2020,2.4,MV,FIGB_PA,,
652,2001,6.18833333333333,MT,FIGB_PA,,
653,2002,5.81916666666667,MT,FIGB_PA,,
654,2003,5.04166666666667,MT,FIGB_PA,,
655,2004,4.685,MT,FIGB_PA,,
656,2005,4.555,MT,FIGB_PA,,
657,2006,4.31833333333333,MT,FIGB_PA,,
658,2007,4.72416666666667,MT,FIGB_PA,,
659,2008,4.80833333333333,MT,FIGB_PA,,
660,2009,4.54166666666667,MT,FIGB_PA,,
661,2010,4.1875,MT,FIGB_PA,,
662,2011,4.48916666666667,MT,FIGB_PA,,
663,2012,4.12583333333333,MT,FIGB_PA,,
664,2013,3.3625,MT,FIGB_PA,,
665,2014,2.61166666666667,MT,FIGB_PA,,
666,2015,1.4875,MT,FIGB_PA,,
667,2016,0.885833333333333,MT,FIGB_PA,,
668,2017,1.37333333333333,MT,FIGB_PA,,
669,2002,11.17,MU,FIGB_PA,,
670,2003,9.605,MU,FIGB_PA,,
671,2004,7.6075,MU,FIGB_PA,,
672,2005,8.38625,MU,FIGB_PA,,
673,2006,9.86,MU,FIGB_PA,,
674,2007,10.1525,MU,FIGB_PA,,
675,2008,10.1225,MU,FIGB_PA,,
676,2009,8.90125,MU,FIGB_PA,,
677,2010,6.93,MU,FIGB_PA,,
678,2011,6.735,MU,FIGB_PA,,
679,2012,6.0775,MU,FIGB_PA,,
680,2013,4.46375,MU,FIGB_PA,,
681,2014,5.0675,MU,FIGB_PA,,
682,2015,4.485,MU,FIGB_PA,,
683,2016,4.11666666666667,MU,FIGB_PA,,
684,2017,3.63625,MU,FIGB_PA,,
685,2018,4.8775,MU,FIGB_PA,,
686,2019,4.19583333333333,MU,FIGB_PA,,
687,2020,2.18666666666667,MU,FIGB_PA,,
688,2000,,MX,FIGB_PA,,
689,2001,11.1599879007864,MX,FIGB_PA,,
690,2002,10.125,MX,FIGB_PA,,
691,2003,8.98166666666667,MX,FIGB_PA,,
692,2004,9.53833333333333,MX,FIGB_PA,,
693,2005,9.4175,MX,FIGB_PA,,
694,2006,8.38833333333333,MX,FIGB_PA,,
695,2007,7.79333333333333,MX,FIGB_PA,,
696,2008,8.3125,MX,FIGB_PA,,
697,2009,7.96375,MX,FIGB_PA,,
698,2010,7.09,MX,FIGB_PA,,
699,2011,6.66777777777778,MX,FIGB_PA,,
700,2012,5.59833333333333,MX,FIGB_PA,,
701,2013,5.6775,MX,FIGB_PA,,
702,2014,6.01416666666667,MX,FIGB_PA,,
703,2015,5.99125,MX,FIGB_PA,,
704,2016,6.19375,MX,FIGB_PA,,
705,2017,7.24833333333333,MX,FIGB_PA,,
706,2018,7.93,MX,FIGB_PA,,
707,2019,7.66833333333333,MX,FIGB_PA,,
708,2020,6.24958333333333,MX,FIGB_PA,,
709,1997,29.02,MD,FIGB_PA,,
710,1998,29.7816666666667,MD,FIGB_PA,,
711,2003,17.24,MD,FIGB_PA,,
712,2004,16.7575,MD,FIGB_PA,,
713,2005,6.48,MD,FIGB_PA,,
714,2006,9.52583333333333,MD,FIGB_PA,,
715,2007,14.7066666666667,MD,FIGB_PA,,
716,2008,19.4295833333333,MD,FIGB_PA,,
717,2009,18.04,MD,FIGB_PA,,
718,2010,7.90333333333333,MD,FIGB_PA,,
719,2011,12.4091666666667,MD,FIGB_PA,,
720,2012,7.15666666666667,MD,FIGB_PA,,
721,2013,6.18833333333333,MD,FIGB_PA,,
722,2014,7.61666666666667,MD,FIGB_PA,,
723,2015,20.2958333333333,MD,FIGB_PA,,
724,2016,17.4666666666667,MD,FIGB_PA,,
725,2017,7.36083333333333,MD,FIGB_PA,,
726,2018,5.91416666666667,MD,FIGB_PA,,
727,2019,6.33666666666667,MD,FIGB_PA,,
728,2020,5.7775,MD,FIGB_PA,,
729,2013,9.86208333333333,MN,FIGB_PA,,
730,2014,13.0575,MN,FIGB_PA,,
731,2015,15.43075,MN,FIGB_PA,,
732,2016,16.3303333333333,MN,FIGB_PA,,
733,2017,13.8433333333333,MN,FIGB_PA,,
734,1997,9.7,MA,FIGB_PA,,
735,1998,8.91,MA,FIGB_PA,,
736,1999,7.13583333333333,MA,FIGB_PA,,
737,2000,6.9875,MA,FIGB_PA,,
738,2001,7.1225,MA,FIGB_PA,,
739,2002,6.95,MA,FIGB_PA,,
740,2003,6.16,MA,FIGB_PA,,
741,2004,5.6675,MA,FIGB_PA,,
742,2005,5.35083333333333,MA,FIGB_PA,,
743,2006,4.04,MA,FIGB_PA,,
744,2007,3.65333333333333,MA,FIGB_PA,,
745,2010,4.33555555555556,MA,FIGB_PA,,
746,2011,4.35958333333333,MA,FIGB_PA,,
747,2012,4.57166666666667,MA,FIGB_PA,,
748,2013,5.6925,MA,FIGB_PA,,
749,2014,5.10762222222222,MA,FIGB_PA,,
750,2015,4.01416666666667,MA,FIGB_PA,,
751,2016,3.49416666666667,MA,FIGB_PA,,
752,2017,3.82916666666667,MA,FIGB_PA,,
753,2018,3.699875,MA,FIGB_PA,,
754,2019,3.38575,MA,FIGB_PA,,
755,2020,2.8789,MA,FIGB_PA,,
756,2010,11.5,MM,FIGB_PA,,
757,2011,11.5,MM,FIGB_PA,,
758,2012,9.5,MM,FIGB_PA,,
759,2013,9.5,MM,FIGB_PA,,
760,2014,9.5,MM,FIGB_PA,,
761,2015,9.5,MM,FIGB_PA,,
762,2016,9.5,MM,FIGB_PA,,
763,2017,9.5,MM,FIGB_PA,,
764,2018,9.5,MM,FIGB_PA,,
765,2019,9.5,MM,FIGB_PA,,
766,2020,9.5,MM,FIGB_PA,,
767,1995,9,NP,FIGB_PA,,
768,1996,9,NP,FIGB_PA,,
769,1997,9,NP,FIGB_PA,,
770,1998,9,NP,FIGB_PA,,
771,1999,8.75,NP,FIGB_PA,,
772,2000,8.5,NP,FIGB_PA,,
773,2001,8.5,NP,FIGB_PA,,
774,2002,8.25,NP,FIGB_PA,,
775,2003,7.5,NP,FIGB_PA,,
776,2004,6.625,NP,FIGB_PA,,
777,2005,6.5,NP,FIGB_PA,,
778,2006,6.125,NP,FIGB_PA,,
779,2007,6,NP,FIGB_PA,,
780,2008,6,NP,FIGB_PA,,
781,2009,6,NP,FIGB_PA,,
782,2010,6,NP,FIGB_PA,,
783,2011,6,NP,FIGB_PA,,
784,2012,6,NP,FIGB_PA,,
785,2013,6,NP,FIGB_PA,,
786,2014,6,NP,FIGB_PA,,
787,2015,6,NP,FIGB_PA,,
788,2016,6,NP,FIGB_PA,,
789,2017,6,NP,FIGB_PA,,
790,2018,6,NP,FIGB_PA,,
791,2019,7.66666666666667,NP,FIGB_PA,,
792,2020,8,NP,FIGB_PA,,
793,1995,8.02083333333333,AN,FIGB_PA,,
794,1996,8.25,AN,FIGB_PA,,
795,1997,8.6725,AN,FIGB_PA,,
796,1998,8.60416666666667,AN,FIGB_PA,,
797,1999,8.75,AN,FIGB_PA,,
798,2000,8.77083333333333,AN,FIGB_PA,,
799,2001,9,AN,FIGB_PA,,
800,2002,8.20083333333333,AN,FIGB_PA,,
801,2003,6.715,AN,FIGB_PA,,
802,2004,7.09166666666667,AN,FIGB_PA,,
803,2005,6.45833333333333,AN,FIGB_PA,,
804,2006,6.75333333333333,AN,FIGB_PA,,
805,2007,7.315,AN,FIGB_PA,,
806,2008,5.66166666666667,AN,FIGB_PA,,
807,2009,4.81666666666667,AN,FIGB_PA,,
808,1995,6.89916666666667,NL,FIGB_PA,,
809,1996,6.15,NL,FIGB_PA,,
810,1997,5.57583333333333,NL,FIGB_PA,,
811,1998,4.63,NL,FIGB_PA,,
812,1999,4.62916666666667,NL,FIGB_PA,,
813,2000,5.40416666666667,NL,FIGB_PA,,
814,2001,4.9575,NL,FIGB_PA,,
815,2002,4.88916666666667,NL,FIGB_PA,,
816,2003,4.1225,NL,FIGB_PA,,
817,2004,4.09416666666667,NL,FIGB_PA,,
818,2005,3.37416666666667,NL,FIGB_PA,,
819,2006,3.78083333333333,NL,FIGB_PA,,
820,2007,4.28666666666667,NL,FIGB_PA,,
821,2008,4.2275,NL,FIGB_PA,,
822,2009,3.68666666666667,NL,FIGB_PA,,
823,2010,2.99166666666667,NL,FIGB_PA,,
824,2011,2.98916666666667,NL,FIGB_PA,,
825,2012,1.93275,NL,FIGB_PA,,
826,2013,1.96133333333333,NL,FIGB_PA,,
827,2014,1.45425,NL,FIGB_PA,,
828,2015,0.690166666666667,NL,FIGB_PA,,
829,2016,0.292083333333333,NL,FIGB_PA,,
830,2017,0.523,NL,FIGB_PA,,
831,2018,0.576916666666667,NL,FIGB_PA,,
832,1995,7.93568424183497,NZ,FIGB_PA,,
833,1996,8.04342667513646,NZ,FIGB_PA,,
834,1997,7.20727633642737,NZ,FIGB_PA,,
835,1998,6.46975940262382,NZ,FIGB_PA,,
836,1999,6.12859203055399,NZ,FIGB_PA,,
837,2000,6.84760155016633,NZ,FIGB_PA,,
838,2001,6.12198046251994,NZ,FIGB_PA,,
839,2002,6.27766666666667,NZ,FIGB_PA,,
840,2003,5.51465833333333,NZ,FIGB_PA,,
841,2004,5.97885,NZ,FIGB_PA,,
842,2005,5.97595833333333,NZ,FIGB_PA,,
843,2006,6.00769166666667,NZ,FIGB_PA,,
844,2007,6.80758333333333,NZ,FIGB_PA,,
845,2008,6.16943333333333,NZ,FIGB_PA,,
846,2009,4.660375,NZ,FIGB_PA,,
847,2010,4.8554,NZ,FIGB_PA,,
848,2011,4.02035833333333,NZ,FIGB_PA,,
849,2012,3.11284754004577,NZ,FIGB_PA,,
850,2013,3.51859143494441,NZ,FIGB_PA,,
851,2014,4.01833333333333,NZ,FIGB_PA,,
852,2015,3.01416666666667,NZ,FIGB_PA,,
853,2016,2.2625,NZ,FIGB_PA,,
854,2017,2.4925,NZ,FIGB_PA,,
855,2018,2.19,NZ,FIGB_PA,,
856,2019,1.31166666666667,NZ,FIGB_PA,,
857,2020,0.46,NZ,FIGB_PA,,
858,2014,6.25,NE,FIGB_PA,,
859,2015,6,NE,FIGB_PA,,
860,1995,6.82333333333333,NO,FIGB_PA,,
861,1996,5.94333333333333,NO,FIGB_PA,,
862,1997,5.12583333333333,NO,FIGB_PA,,
863,1998,5.35416666666667,NO,FIGB_PA,,
864,1999,5.3825,NO,FIGB_PA,,
865,2000,6.37916666666667,NO,FIGB_PA,,
866,2001,6.31,NO,FIGB_PA,,
867,2002,6.3275,NO,FIGB_PA,,
868,2003,4.50166666666667,NO,FIGB_PA,,
869,2004,3.6,NO,FIGB_PA,,
870,2005,3.28,NO,FIGB_PA,,
871,2006,3.93416666666667,NO,FIGB_PA,,
872,2007,4.78083333333333,NO,FIGB_PA,,
873,2008,4.34666666666667,NO,FIGB_PA,,
874,2009,3.31583333333333,NO,FIGB_PA,,
875,2010,2.77083333333333,NO,FIGB_PA,,
876,2011,2.55666666666667,NO,FIGB_PA,,
877,2012,1.57416666666667,NO,FIGB_PA,,
878,2013,1.91916666666667,NO,FIGB_PA,,
879,2014,1.76,NO,FIGB_PA,,
880,2015,0.9675,NO,FIGB_PA,,
881,2016,0.841666666666667,NO,FIGB_PA,,
882,2017,1.06583333333333,NO,FIGB_PA,,
883,2018,1.43916666666667,NO,FIGB_PA,,
884,2019,1.285,NO,FIGB_PA,,
885,2020,0.555833333333333,NO,FIGB_PA,,
886,1995,13,PK,FIGB_PA,,
887,1996,13,PK,FIGB_PA,,
888,1997,13.0483333333333,PK,FIGB_PA,,
889,1998,13,PK,FIGB_PA,,
890,2001,10.4933,PK,FIGB_PA,,
891,2002,7.92874166666667,PK,FIGB_PA,,
892,2003,3.40750833333333,PK,FIGB_PA,,
893,2004,4.63016666666667,PK,FIGB_PA,,
894,2005,6.19175,PK,FIGB_PA,,
895,2006,8.46916666666667,PK,FIGB_PA,,
896,2007,9.49333333333333,PK,FIGB_PA,,
897,2008,12.105,PK,FIGB_PA,,
898,2009,12.725,PK,FIGB_PA,,
899,2010,12.9412166666667,PK,FIGB_PA,,
900,2011,13.3657458333333,PK,FIGB_PA,,
901,2012,11.7269291666667,PK,FIGB_PA,,
902,2013,10.86325,PK,FIGB_PA,,
903,2014,11.8749083333333,PK,FIGB_PA,,
904,2015,7.71905,PK,FIGB_PA,,
905,2016,6.31819444444444,PK,FIGB_PA,,
906,2017,6.39179444444444,PK,FIGB_PA,,
907,2018,9.7341,PK,FIGB_PA,,
908,2019,12.6719166666667,PK,FIGB_PA,,
909,2020,8.95338333333333,PK,FIGB_PA,,
910,2005,7.995,PG,FIGB_PA,,
911,2006,8.17,PG,FIGB_PA,,
912,2007,8.42166666666667,PG,FIGB_PA,,
913,2008,9.23833333333333,PG,FIGB_PA,,
914,2009,11.66,PG,FIGB_PA,,
915,2010,10.8625041666667,PG,FIGB_PA,,
916,2011,8.917875,PG,FIGB_PA,,
917,2012,9.06083333333333,PG,FIGB_PA,,
918,2013,8.13166666666667,PG,FIGB_PA,,
919,2014,10.1483333333333,PG,FIGB_PA,,
920,2015,10.7904166666667,PG,FIGB_PA,,
921,2016,11.0891666666667,PG,FIGB_PA,,
922,2017,10.948375,PG,FIGB_PA,,
923,2018,11.1366666666667,PG,FIGB_PA,,
924,1995,13.921875,PH,FIGB_PA,,
925,1996,13.9895833333333,PH,FIGB_PA,,
926,1997,14.6145833333333,PH,FIGB_PA,,
927,1998,17.9845833333333,PH,FIGB_PA,,
928,1999,12.3081666666667,PH,FIGB_PA,,
929,2000,12.76725,PH,FIGB_PA,,
930,2001,13.3265416666667,PH,FIGB_PA,,
931,2002,8.68766666666667,PH,FIGB_PA,,
932,2003,8.71516666666667,PH,FIGB_PA,,
933,2004,10.2623333333333,PH,FIGB_PA,,
934,2005,8.66,PH,FIGB_PA,,
935,2006,7.38375,PH,FIGB_PA,,
936,2007,5.34025,PH,FIGB_PA,,
937,2014,2.727,PH,FIGB_PA,,
938,2001,10.6816666666667,PL,FIGB_PA,,
939,2002,7.35583333333333,PL,FIGB_PA,,
940,2003,5.7775,PL,FIGB_PA,,
941,2004,6.89666666666667,PL,FIGB_PA,,
942,2005,5.21833333333333,PL,FIGB_PA,,
943,2006,5.23166666666667,PL,FIGB_PA,,
944,2007,5.48416666666667,PL,FIGB_PA,,
945,2008,6.07166666666667,PL,FIGB_PA,,
946,2009,6.12,PL,FIGB_PA,,
947,2010,5.78166666666667,PL,FIGB_PA,,
948,2011,5.95583333333333,PL,FIGB_PA,,
949,2012,5,PL,FIGB_PA,,
950,2013,4.03361111111111,PL,FIGB_PA,,
951,2014,3.51583333333333,PL,FIGB_PA,,
952,2015,2.7016038882615,PL,FIGB_PA,,
953,2016,3.03583333333333,PL,FIGB_PA,,
954,2017,3.42,PL,FIGB_PA,,
955,2018,3.19833333333333,PL,FIGB_PA,,
956,2019,2.3475,PL,FIGB_PA,,
957,2020,1.49916666666667,PL,FIGB_PA,,
958,1995,11.465,PT,FIGB_PA,,
959,1996,8.55916666666667,PT,FIGB_PA,,
960,1997,6.35833333333333,PT,FIGB_PA,,
961,1998,4.8775,PT,FIGB_PA,,
962,1999,4.7775,PT,FIGB_PA,,
963,2000,5.595,PT,FIGB_PA,,
964,2001,5.1575,PT,FIGB_PA,,
965,2002,5.00666666666667,PT,FIGB_PA,,
966,2003,4.17833333333333,PT,FIGB_PA,,
967,2004,4.14333333333333,PT,FIGB_PA,,
968,2005,3.4375,PT,FIGB_PA,,
969,2006,3.915,PT,FIGB_PA,,
970,2007,4.42416666666667,PT,FIGB_PA,,
971,2008,4.5225,PT,FIGB_PA,,
972,2009,4.21083333333333,PT,FIGB_PA,,
973,2010,5.39583333333333,PT,FIGB_PA,,
974,2011,10.2408333333333,PT,FIGB_PA,,
975,2012,10.5475,PT,FIGB_PA,,
976,2013,6.29416666666667,PT,FIGB_PA,,
977,2014,3.75416666666667,PT,FIGB_PA,,
978,2015,2.42333333333333,PT,FIGB_PA,,
979,2016,3.1725,PT,FIGB_PA,,
980,2017,3.76166666666667,PT,FIGB_PA,,
981,2005,6.99222222222222,RO,FIGB_PA,,
982,2006,7.23,RO,FIGB_PA,,
983,2007,7.13833333333333,RO,FIGB_PA,,
984,2008,7.69583333333333,RO,FIGB_PA,,
985,2009,9.69416666666667,RO,FIGB_PA,,
986,2010,7.33666666666667,RO,FIGB_PA,,
987,2011,6.65083333333333,RO,FIGB_PA,,
988,2012,5.68583333333333,RO,FIGB_PA,,
989,2013,4.24833333333333,RO,FIGB_PA,,
990,2014,2.21041666666667,RO,FIGB_PA,,
991,2015,1.27416666666667,RO,FIGB_PA,,
992,2016,0.645833333333333,RO,FIGB_PA,,
993,2017,0.583523916666667,RO,FIGB_PA,,
994,2018,2.24583333333333,RO,FIGB_PA,,
995,2019,1.565,RO,FIGB_PA,,
996,2020,2.5825,RO,FIGB_PA,,
997,2005,7.84333333333333,RU,FIGB_PA,,
998,2006,6.735,RU,FIGB_PA,,
999,2007,6.5225,RU,FIGB_PA,,
1000,2008,7.53416666666667,RU,FIGB_PA,,
1001,2009,11.0916666666667,RU,FIGB_PA,,
1002,2010,7.56833333333333,RU,FIGB_PA,,
1003,2011,7.70666666666667,RU,FIGB_PA,,
1004,2017,7.95722222222222,RU,FIGB_PA,,
1005,2018,8.1875,RU,FIGB_PA,,
1006,2019,7.69916666666667,RU,FIGB_PA,,
1007,2020,6.58416666666667,RU,FIGB_PA,,
1008,2012,6.25,SN,FIGB_PA,,
1009,2013,6.28333333333333,SN,FIGB_PA,,
1010,2014,6.25,SN,FIGB_PA,,
1011,2015,5.9375,SN,FIGB_PA,,
1012,1995,14.1516666666667,SC,FIGB_PA,,
1013,1996,13.25,SC,FIGB_PA,,
1014,1997,12.4,SC,FIGB_PA,,
1015,1998,10.7716666666667,SC,FIGB_PA,,
1016,1999,8.86083333333333,SC,FIGB_PA,,
1017,2000,8.3725,SC,FIGB_PA,,
1018,2001,8.24166666666667,SC,FIGB_PA,,
1019,2002,8.19,SC,FIGB_PA,,
1020,2003,7.25083333333333,SC,FIGB_PA,,
1021,2004,6.16666666666667,SC,FIGB_PA,,
1022,2005,6,SC,FIGB_PA,,
1023,2006,6.33533333333333,SC,FIGB_PA,,
1024,2007,7.12727017195767,SC,FIGB_PA,,
1025,2008,7.25893353174603,SC,FIGB_PA,,
1026,2009,7.78495833333333,SC,FIGB_PA,,
1027,2010,8.24270833333333,SC,FIGB_PA,,
1028,2011,8.21875,SC,FIGB_PA,,
1029,2012,9,SC,FIGB_PA,,
1030,2014,5.8125,SC,FIGB_PA,,
1031,2015,5.5,SC,FIGB_PA,,
1032,2016,5.05555555555556,SC,FIGB_PA,,
1033,2017,5.64583333333333,SC,FIGB_PA,,
1034,2018,6.25,SC,FIGB_PA,,
1035,2019,6.3875,SC,FIGB_PA,,
1036,2020,7.41220238095238,SC,FIGB_PA,,
1037,1999,4.49666666666667,SG,FIGB_PA,,
1038,2000,4.36833333333333,SG,FIGB_PA,,
1039,2001,3.56,SG,FIGB_PA,,
1040,2002,3.5275,SG,FIGB_PA,,
1041,2003,2.92166666666667,SG,FIGB_PA,,
1042,2004,3.23416666666667,SG,FIGB_PA,,
1043,2005,2.91666666666667,SG,FIGB_PA,,
1044,2006,3.36,SG,FIGB_PA,,
1045,2007,2.8775,SG,FIGB_PA,,
1046,2008,2.77666666666667,SG,FIGB_PA,,
1047,2009,2.3675,SG,FIGB_PA,,
1048,2010,2.37333333333333,SG,FIGB_PA,,
1049,2011,2.09166666666667,SG,FIGB_PA,,
1050,2012,1.4575,SG,FIGB_PA,,
1051,2013,2.06416666666667,SG,FIGB_PA,,
1052,2014,2.3625,SG,FIGB_PA,,
1053,2015,2.44416666666667,SG,FIGB_PA,,
1054,2016,2.04833333333333,SG,FIGB_PA,,
1055,2017,2.15916666666667,SG,FIGB_PA,,
1056,2018,2.4025,SG,FIGB_PA,,
1057,2019,1.95083333333333,SG,FIGB_PA,,
1058,2020,1.015,SG,FIGB_PA,,
1059,2000,8.32,SK,FIGB_PA,,
1060,2001,8.0425,SK,FIGB_PA,,
1061,2002,6.935,SK,FIGB_PA,,
1062,2003,4.98583333333333,SK,FIGB_PA,,
1063,2004,5.02583333333333,SK,FIGB_PA,,
1064,2005,3.52166666666667,SK,FIGB_PA,,
1065,2006,4.41166666666667,SK,FIGB_PA,,
1066,2007,4.49083333333333,SK,FIGB_PA,,
1067,2008,4.72333333333333,SK,FIGB_PA,,
1068,2009,4.70666666666667,SK,FIGB_PA,,
1069,2010,3.87166666666667,SK,FIGB_PA,,
1070,2011,4.415,SK,FIGB_PA,,
1071,2012,4.5525,SK,FIGB_PA,,
1072,2013,3.1875,SK,FIGB_PA,,
1073,2014,2.07083333333333,SK,FIGB_PA,,
1074,2015,0.885,SK,FIGB_PA,,
1075,2016,0.543333333333333,SK,FIGB_PA,,
1076,2017,1.0575,SK,FIGB_PA,,
1077,2002,8.86416666666667,SI,FIGB_PA,,
1078,2003,6.40166666666667,SI,FIGB_PA,,
1079,2004,4.68333333333333,SI,FIGB_PA,,
1080,2005,3.80666666666667,SI,FIGB_PA,,
1081,2006,3.85333333333333,SI,FIGB_PA,,
1082,2007,4.52916666666667,SI,FIGB_PA,,
1083,2008,4.60666666666667,SI,FIGB_PA,,
1084,2009,4.375,SI,FIGB_PA,,
1085,2010,3.8325,SI,FIGB_PA,,
1086,2011,4.97083333333333,SI,FIGB_PA,,
1087,2012,5.80833333333333,SI,FIGB_PA,,
1088,2013,5.81166666666667,SI,FIGB_PA,,
1089,2014,3.27,SI,FIGB_PA,,
1090,2015,1.705,SI,FIGB_PA,,
1091,2016,1.14916666666667,SI,FIGB_PA,,
1092,2017,0.993333333333333,SI,FIGB_PA,,
1093,1995,13,SB,FIGB_PA,,
1094,1996,11.5,SB,FIGB_PA,,
1095,1997,11.75,SB,FIGB_PA,,
1096,1998,12.5,SB,FIGB_PA,,
1097,1999,8.33865326553191,SB,FIGB_PA,,
1098,2000,6.95153768737588,SB,FIGB_PA,,
1099,2001,6.95153768737588,SB,FIGB_PA,,
1100,2002,6.95153768737588,SB,FIGB_PA,,
1101,2003,6.95153768737588,SB,FIGB_PA,,
1102,2004,4.98907159939229,SB,FIGB_PA,,
1103,2005,2.99353791211355,SB,FIGB_PA,,
1104,2006,3.24353791211355,SB,FIGB_PA,,
1105,2007,3.24117930403785,SB,FIGB_PA,,
1106,2008,3.24,SB,FIGB_PA,,
1107,2009,3.24,SB,FIGB_PA,,
1108,2010,3.24,SB,FIGB_PA,,
1109,2011,3.24,SB,FIGB_PA,,
1110,2012,3.24,SB,FIGB_PA,,
1111,2013,3.24,SB,FIGB_PA,,
1112,2014,3.24,SB,FIGB_PA,,
1113,2015,3.24,SB,FIGB_PA,,
1114,2016,3.24,SB,FIGB_PA,,
1115,2017,3.24,SB,FIGB_PA,,
1116,2018,3.24,SB,FIGB_PA,,
1117,2019,3.24,SB,FIGB_PA,,
1118,1995,16.1066666666667,ZA,FIGB_PA,,
1119,1996,15.4833333333333,ZA,FIGB_PA,,
1120,1997,14.6975,ZA,FIGB_PA,,
1121,1998,15.1225,ZA,FIGB_PA,,
1122,1999,14.9016666666667,ZA,FIGB_PA,,
1123,2000,13.7866666666667,ZA,FIGB_PA,,
1124,2001,11.4066666666667,ZA,FIGB_PA,,
1125,2002,11.5008333333333,ZA,FIGB_PA,,
1126,2003,9.61583333333333,ZA,FIGB_PA,,
1127,2004,9.52666666666667,ZA,FIGB_PA,,
1128,2005,8.06666666666667,ZA,FIGB_PA,,
1129,2006,7.9375,ZA,FIGB_PA,,
1130,2007,7.985,ZA,FIGB_PA,,
1131,2008,9.1,ZA,FIGB_PA,,
1132,2009,8.70333333333333,ZA,FIGB_PA,,
1133,2010,8.615,ZA,FIGB_PA,,
1134,2011,8.52,ZA,FIGB_PA,,
1135,2012,7.9,ZA,FIGB_PA,,
1136,2013,7.7225,ZA,FIGB_PA,,
1137,2014,8.25,ZA,FIGB_PA,,
1138,2015,8.16583333333333,ZA,FIGB_PA,,
1139,2016,9.02083333333333,ZA,FIGB_PA,,
1140,2017,9.06666666666667,ZA,FIGB_PA,,
1141,2018,9.13083333333333,ZA,FIGB_PA,,
1142,2019,9.0775,ZA,FIGB_PA,,
1143,2020,10.1158333333333,ZA,FIGB_PA,,
1144,1995,11.27,ES,FIGB_PA,,
1145,1996,8.73666666666667,ES,FIGB_PA,,
1146,1997,6.40166666666667,ES,FIGB_PA,,
1147,1998,4.83333333333333,ES,FIGB_PA,,
1148,1999,4.7275,ES,FIGB_PA,,
1149,2000,5.52583333333333,ES,FIGB_PA,,
1150,2001,5.11666666666667,ES,FIGB_PA,,
1151,2002,4.95916666666667,ES,FIGB_PA,,
1152,2003,4.12416666666667,ES,FIGB_PA,,
1153,2004,4.10333333333333,ES,FIGB_PA,,
1154,2005,3.3875,ES,FIGB_PA,,
1155,2006,3.785,ES,FIGB_PA,,
1156,2007,4.3075,ES,FIGB_PA,,
1157,2008,4.36666666666667,ES,FIGB_PA,,
1158,2009,3.97916666666667,ES,FIGB_PA,,
1159,2010,4.25083333333333,ES,FIGB_PA,,
1160,2011,5.44,ES,FIGB_PA,,
1161,2012,5.845,ES,FIGB_PA,,
1162,2013,4.56166666666667,ES,FIGB_PA,,
1163,2014,2.72333333333333,ES,FIGB_PA,,
1164,2015,1.73583333333333,ES,FIGB_PA,,
1165,2016,1.39333333333333,ES,FIGB_PA,,
1166,2017,1.555,ES,FIGB_PA,,
1167,2018,1.4225,ES,FIGB_PA,,
1168,2019,0.659166666666667,ES,FIGB_PA,,
1169,2020,0.375,ES,FIGB_PA,,
1170,2009,12.19,LK,FIGB_PA,,
1171,2010,9.13,LK,FIGB_PA,,
1172,2011,8.55,LK,FIGB_PA,,
1173,2012,12.0833333333333,LK,FIGB_PA,,
1174,2013,10.9683333333333,LK,FIGB_PA,,
1175,2014,8.79,LK,FIGB_PA,,
1176,2015,8.905,LK,FIGB_PA,,
1177,2016,12.0583333333333,LK,FIGB_PA,,
1178,2017,11.1504166666667,LK,FIGB_PA,,
1179,2018,10.5425,LK,FIGB_PA,,
1180,2019,10.46375,LK,FIGB_PA,,
1181,1995,10.2425,SE,FIGB_PA,,
1182,1996,8.0275,SE,FIGB_PA,,
1183,1997,6.6225,SE,FIGB_PA,,
1184,1998,4.98916666666667,SE,FIGB_PA,,
1185,1999,4.98,SE,FIGB_PA,,
1186,2000,5.3675,SE,FIGB_PA,,
1187,2001,5.1075,SE,FIGB_PA,,
1188,2002,5.30333333333333,SE,FIGB_PA,,
1189,2003,4.63833333333333,SE,FIGB_PA,,
1190,2004,4.425,SE,FIGB_PA,,
1191,2005,3.38333333333333,SE,FIGB_PA,,
1192,2006,3.705,SE,FIGB_PA,,
1193,2007,4.1675,SE,FIGB_PA,,
1194,2008,3.88833333333333,SE,FIGB_PA,,
1195,2009,3.25,SE,FIGB_PA,,
1196,2010,2.89333333333333,SE,FIGB_PA,,
1197,2011,2.60583333333333,SE,FIGB_PA,,
1198,2012,1.5925,SE,FIGB_PA,,
1199,2013,2.12083333333333,SE,FIGB_PA,,
1200,2014,1.72,SE,FIGB_PA,,
1201,2015,0.719166666666667,SE,FIGB_PA,,
1202,2016,0.54,SE,FIGB_PA,,
1203,2017,0.615833333333333,SE,FIGB_PA,,
1204,1998,3.04416666666667,CH,FIGB_PA,,
1205,1999,3.04,CH,FIGB_PA,,
1206,2000,3.92583333333333,CH,FIGB_PA,,
1207,2001,3.38333333333333,CH,FIGB_PA,,
1208,2002,3.2,CH,FIGB_PA,,
1209,2003,2.66083333333333,CH,FIGB_PA,,
1210,2004,2.74,CH,FIGB_PA,,
1211,2005,2.09583333333333,CH,FIGB_PA,,
1212,2006,2.5175,CH,FIGB_PA,,
1213,2007,2.9275,CH,FIGB_PA,,
1214,2008,2.89666666666667,CH,FIGB_PA,,
1215,2009,2.20333333333333,CH,FIGB_PA,,
1216,2010,1.63166666666667,CH,FIGB_PA,,
1217,2011,1.47166666666667,CH,FIGB_PA,,
1218,2012,0.646666666666667,CH,FIGB_PA,,
1219,2013,0.949166666666667,CH,FIGB_PA,,
1220,2014,0.6925,CH,FIGB_PA,,
1221,2015,-0.0691666666666667,CH,FIGB_PA,,
1222,2016,-0.3625,CH,FIGB_PA,,
1223,2017,-0.0725,CH,FIGB_PA,,
1224,2018,0.0325,CH,FIGB_PA,,
1225,2019,-0.49,CH,FIGB_PA,,
1226,2020,-0.525,CH,FIGB_PA,,
1227,1999,7.939143675,TH,FIGB_PA,,
1228,2000,6.58947700068424,TH,FIGB_PA,,
1229,2001,5.46491173933333,TH,FIGB_PA,,
1230,2002,4.79504319624883,TH,FIGB_PA,,
1231,2003,3.45428107314878,TH,FIGB_PA,,
1232,2004,4.86219905226039,TH,FIGB_PA,,
1233,2005,5.00166666666667,TH,FIGB_PA,,
1234,2006,5.385,TH,FIGB_PA,,
1235,2007,4.59583333333333,TH,FIGB_PA,,
1236,2008,4.5575,TH,FIGB_PA,,
1237,2009,3.905,TH,FIGB_PA,,
1238,2010,3.60416666666667,TH,FIGB_PA,,
1239,2011,3.69333333333333,TH,FIGB_PA,,
1240,2012,3.53333333333333,TH,FIGB_PA,,
1241,2013,3.79964912878788,TH,FIGB_PA,,
1242,2014,3.5725,TH,FIGB_PA,,
1243,2015,2.73416666666667,TH,FIGB_PA,,
1244,2016,2.1775,TH,FIGB_PA,,
1245,2017,2.60333333333333,TH,FIGB_PA,,
1246,2018,2.6875,TH,FIGB_PA,,
1247,2019,2.05416666666667,TH,FIGB_PA,,
1248,2020,1.33166666666667,TH,FIGB_PA,,
1249,2012,6.5,TG,FIGB_PA,,
1250,2013,6.5,TG,FIGB_PA,,
1251,2014,6.5,TG,FIGB_PA,,
1252,2015,6.375,TG,FIGB_PA,,
1253,1995,8.20028333333333,GB,FIGB_PA,6.40333333333333,FITB_3M_PA
1254,1996,7.81018333333333,GB,FIGB_PA,5.88916666666667,FITB_3M_PA
1255,1997,7.05259166666667,GB,FIGB_PA,6.62166666666667,FITB_3M_PA
1256,1998,5.55095833333333,GB,FIGB_PA,7.23416666666667,FITB_3M_PA
1257,1999,5.093525,GB,FIGB_PA,5.13593025,FITB_3M_PA
1258,2000,5.328975,GB,FIGB_PA,5.8256525,FITB_3M_PA
1259,2001,4.9295,GB,FIGB_PA,4.7875,FITB_3M_PA
1260,2002,4.89424166666667,GB,FIGB_PA,3.96260833333333,FITB_3M_PA
1261,2003,4.52659166666667,GB,FIGB_PA,3.55236083333333,FITB_3M_PA
1262,2004,4.88226666666667,GB,FIGB_PA,4.4441,FITB_3M_PA
1263,2005,4.41389166666667,GB,FIGB_PA,4.5894,FITB_3M_PA
1264,2006,4.501675,GB,FIGB_PA,4.6685,FITB_3M_PA
1265,2007,5.011275,GB,FIGB_PA,5.59654166666667,FITB_3M_PA
1266,2008,4.590725,GB,FIGB_PA,4.35016666666667,FITB_3M_PA
1267,2009,3.64751666666667,GB,FIGB_PA,0.543041666666667,FITB_3M_PA
1268,2010,3.624425,GB,FIGB_PA,0.496208333333334,FITB_3M_PA
1269,2011,3.13599166666667,GB,FIGB_PA,0.485958333333333,FITB_3M_PA
1270,2012,1.91804166666667,GB,FIGB_PA,0.311916666666667,FITB_3M_PA
1271,2013,2.38978333333333,GB,FIGB_PA,0.29975,FITB_3M_PA
1272,2014,2.56908333333333,GB,FIGB_PA,0.381458333333333,FITB_3M_PA
1273,2015,1.90103333333333,GB,FIGB_PA,0.442805555555556,FITB_3M_PA
1274,2016,1.30520833333333,GB,FIGB_PA,0.321666666666667,FITB_3M_PA
1275,2017,1.2781,GB,FIGB_PA,,
1276,2018,1.3125,GB,FIGB_PA,,
1277,2019,0.8308,GB,FIGB_PA,,
1278,2020,0.3224,GB,FIGB_PA,,
1279,1995,6.58,US,FIGB_PA,5.65333333333333,FITB_3M_PA
1280,1996,6.43833333333333,US,FIGB_PA,5.13666666666667,FITB_3M_PA
1281,1997,6.3525,US,FIGB_PA,5.1975,FITB_3M_PA
1282,1998,5.26416666666667,US,FIGB_PA,4.90083333333333,FITB_3M_PA
1283,1999,5.63666666666667,US,FIGB_PA,4.76833333333333,FITB_3M_PA
1284,2000,6.02916666666667,US,FIGB_PA,5.99845,FITB_3M_PA
1285,2001,5.0175,US,FIGB_PA,3.47681166666667,FITB_3M_PA
1286,2002,4.61083333333333,US,FIGB_PA,1.63307666666667,FITB_3M_PA
1287,2003,4.015,US,FIGB_PA,1.02120833333333,FITB_3M_PA
1288,2004,4.27416666666667,US,FIGB_PA,1.38919166666667,FITB_3M_PA
1289,2005,4.29,US,FIGB_PA,3.21279166666667,FITB_3M_PA
1290,2006,4.79166666666667,US,FIGB_PA,4.84720833333333,FITB_3M_PA
1291,2007,4.62916666666667,US,FIGB_PA,4.45216666666667,FITB_3M_PA
1292,2008,3.66666666666667,US,FIGB_PA,1.36541666666667,FITB_3M_PA
1293,2009,3.25666666666667,US,FIGB_PA,0.142583333333333,FITB_3M_PA
1294,2010,3.21416666666667,US,FIGB_PA,0.13375,FITB_3M_PA
1295,2011,2.78583333333333,US,FIGB_PA,0.051325,FITB_3M_PA
1296,2012,1.8025,US,FIGB_PA,0.0836666666666667,FITB_3M_PA
1297,2013,2.35083333333333,US,FIGB_PA,0.0535416666666667,FITB_3M_PA
1298,2014,2.54083333333333,US,FIGB_PA,0.0308333333333333,FITB_3M_PA
1299,2015,2.13583333333333,US,FIGB_PA,0.0488888888888889,FITB_3M_PA
1300,2016,1.84166666666667,US,FIGB_PA,0.318583333333333,FITB_3M_PA
1301,2017,2.33,US,FIGB_PA,0.74975,FITB_3M_PA
1302,2018,2.91,US,FIGB_PA,,
1303,2019,2.14416666666667,US,FIGB_PA,,
1304,2020,0.894166666666667,US,FIGB_PA,,
1305,1995,8,VU,FIGB_PA,,
1306,1996,8,VU,FIGB_PA,,
1307,1997,8,VU,FIGB_PA,,
1308,1998,8,VU,FIGB_PA,,
1309,1999,8.5,VU,FIGB_PA,,
1310,2000,8.5,VU,FIGB_PA,,
1311,2001,8.5,VU,FIGB_PA,,
1312,2002,8.5,VU,FIGB_PA,,
1313,2003,8.5,VU,FIGB_PA,,
1314,2004,8.5,VU,FIGB_PA,,
1315,2005,8.5,VU,FIGB_PA,,
1316,2006,8.5,VU,FIGB_PA,,
1317,2007,8.58333333333333,VU,FIGB_PA,,
1318,2008,8.5,VU,FIGB_PA,,
1319,2009,8.4475,VU,FIGB_PA,,
1320,2010,8.2375,VU,FIGB_PA,,
1321,2011,7.9125,VU,FIGB_PA,,
1322,2012,7.63916666666667,VU,FIGB_PA,,
1323,2013,7.81833333333333,VU,FIGB_PA,,
1324,2014,7.81151212121212,VU,FIGB_PA,,
1325,2015,7.80327677070707,VU,FIGB_PA,,
1326,2016,7.69681818181818,VU,FIGB_PA,,
1327,2017,7.58,VU,FIGB_PA,,
1328,2018,7.58916666666667,VU,FIGB_PA,,
1329,2019,7.59,VU,FIGB_PA,,
1330,2020,7.12,VU,FIGB_PA,,
1331,1999,31.1225,VE,FIGB_PA,,
1332,2000,21.0316666666667,VE,FIGB_PA,,
1333,2001,22.1166666666667,VE,FIGB_PA,,
1334,2002,38.5083333333333,VE,FIGB_PA,,
1335,2003,32.1525,VE,FIGB_PA,,
1336,2004,15.5682804978815,VE,FIGB_PA,,
1337,2005,12.9275,VE,FIGB_PA,,
1338,2006,7.80944444444444,VE,FIGB_PA,,
1339,2007,9.55,VE,FIGB_PA,,
1340,2008,14.47,VE,FIGB_PA,,
1341,2009,12.83875,VE,FIGB_PA,,
1342,2010,15.5283333333333,VE,FIGB_PA,,
1343,2011,17.5154166666667,VE,FIGB_PA,,
1344,2012,16.7575,VE,FIGB_PA,,
1345,2013,15.2649646825397,VE,FIGB_PA,,
1346,2014,15.1081888888889,VE,FIGB_PA,,
1347,2015,15.3866375,VE,FIGB_PA,,
1348,2016,14.8043442669875,VE,FIGB_PA,,
1349,2017,12.9466666666667,VE,FIGB_PA,,
